date,open,high,low,close,volume,ma5,ma20,ma60,ma120,label,qty,order_price,order_type,stock_code,chart_return_pct
2022-09-22,50100,50500,49550,49850,226464,50890,52822.5,53005.833333333336,52652.083333333336,BUY,100,49850,시장가,204320,31.38
2022-09-23,49900,49950,48600,48600,151938,50530,52587.5,53003.333333333336,52640.416666666664,HOLD,0,,,204320,31.38
2022-09-26,48000,48050,45750,45900,310840,49470,52167.5,52973.333333333336,52603.75,HOLD,0,,,204320,31.38
2022-09-27,46350,46800,45000,46750,258161,48420,51780,52960,52570,HOLD,0,,,204320,31.38
2022-09-28,46050,46400,43950,44350,268120,47090,51377.5,52909.166666666664,52527.5,HOLD,0,,,204320,31.38
2022-09-29,45150,47300,45000,46150,303179,46350,50970,52899.166666666664,52498.75,HOLD,0,,,204320,31.38
2022-09-30,45950,46300,43900,44350,295165,45500,50487.5,52857.5,52436.666666666664,HOLD,0,,,204320,31.38
2022-10-04,45150,46000,45150,45600,148986,45440,50127.5,52860.833333333336,52400,HOLD,0,,,204320,31.38
2022-10-05,46750,46850,44400,45300,202571,45150,49752.5,52839.166666666664,52364.166666666664,HOLD,0,,,204320,31.38
2022-10-06,45950,46400,45500,46000,128896,45480,49387.5,52797.5,52327.5,HOLD,0,,,204320,31.38
2022-10-07,45500,46400,45300,46000,225122,45450,48962.5,52729.166666666664,52299.166666666664,HOLD,0,,,204320,31.38
2022-10-11,44450,44800,42150,42500,426714,45080,48347.5,52609.166666666664,52223.333333333336,HOLD,0,,,204320,31.38
2022-10-12,41900,42550,41400,42050,264082,44370,47715,52455,52135.416666666664,BUY,50,42050,시장가,204320,31.38
2022-10-13,42050,42450,41000,41050,257551,43520,47102.5,52294.166666666664,52033.333333333336,HOLD,0,,,204320,31.38
2022-10-14,41600,42900,41350,42200,253257,42760,46572.5,52124.166666666664,51932.5,HOLD,0,,,204320,31.38
2022-10-17,41400,42350,40850,42300,118002,42020,46177.5,51947.5,51831.666666666664,HOLD,0,,,204320,31.38
2022-10-18,43400,45450,43400,44500,603264,42420,45882.5,51795.833333333336,51740,HOLD,0,,,204320,31.38
2022-10-19,44500,46500,44250,45400,358706,43090,45592.5,51649.166666666664,51653.333333333336,HOLD,0,,,204320,31.38
2022-10-20,44900,45400,44000,44500,228558,43780,45217.5,51490.833333333336,51570,HOLD,0,,,204320,31.38
2022-10-21,44500,45450,44200,44900,208287,44320,44912.5,51324.166666666664,51498.333333333336,HOLD,0,,,204320,31.38
2022-10-24,46000,46800,44050,44600,288304,44780,44650,51129.166666666664,51407.5,HOLD,0,,,204320,31.38
2022-10-25,45450,46750,44900,46750,274156,45230,44557.5,50970,51335.416666666664,HOLD,0,,,204320,31.38
2022-10-26,46750,47250,46150,46550,226279,45460,44590,50807.5,51261.666666666664,HOLD,0,,,204320,31.38
2022-10-27,46950,47900,46750,47650,191108,46090,44635,50661.666666666664,51205.416666666664,HOLD,0,,,204320,31.38
2022-10-28,48500,50900,48400,50300,535758,47170,44932.5,50546.666666666664,51171.25,HOLD,0,,,204320,31.38
2022-10-31,50500,51300,48450,49450,318809,48140,45097.5,50412.5,51131.666666666664,HOLD,0,,,204320,31.38
2022-11-01,49400,50600,49100,50500,260568,48890,45405,50300.833333333336,51098.333333333336,HOLD,0,,,204320,31.38
2022-11-02,49500,52300,49350,52000,370542,49980,45725,50210.833333333336,51076.666666666664,SELL,75,52000,시장가,204320,31.38
2022-11-03,50800,52500,50800,52000,258300,50850,46060,50125.833333333336,51065,HOLD,0,,,204320,31.38
2022-11-04,51400,52300,50800,51800,130651,51150,46350,50062.5,51048.333333333336,HOLD,0,,,204320,31.38
2022-11-07,51800,52800,51300,51600,181272,51580,46630,49992.5,51040.833333333336,HOLD,0,,,204320,31.38
2022-11-08,51800,52600,51700,52100,164114,51900,47110,49925.833333333336,51019.166666666664,HOLD,0,,,204320,31.38
2022-11-09,52600,52600,51100,51500,284811,51800,47582.5,49862.5,50991.666666666664,HOLD,0,,,204320,31.38
2022-11-10,50900,51900,50100,51000,383542,51600,48080,49767.5,50964.166666666664,HOLD,0,,,204320,31.38
2022-11-11,52300,52400,50600,50900,308342,51420,48515,49674.166666666664,50933.333333333336,HOLD,0,,,204320,31.38
2022-11-14,51100,51900,50700,51000,241984,51300,48950,49595.833333333336,50925.833333333336,HOLD,0,,,204320,31.38
2022-11-15,51400,51400,50100,50700,159033,51020,49260,49527.5,50906.666666666664,HOLD,0,,,204320,31.38
2022-11-16,50300,50700,48300,49300,360080,50580,49455,49445.833333333336,50872.5,HOLD,0,,,204320,31.38
2022-11-17,49500,49700,48800,48850,132261,50150,49672.5,49348.333333333336,50840.416666666664,HOLD,0,,,204320,31.38
2022-11-18,48900,49200,48350,48550,162368,49680,49855,49255.833333333336,50806.666666666664,HOLD,0,,,204320,31.38
2022-11-21,48850,49100,47900,48800,192051,49240,50065,49179.166666666664,50781.666666666664,HOLD,0,,,204320,31.38
2022-11-22,49000,49050,46600,47000,407113,48500,50077.5,49074.166666666664,50740,HOLD,0,,,204320,31.38
2022-11-23,47350,48300,47000,48300,250283,48300,50165,48974.166666666664,50697.5,HOLD,0,,,204320,31.38
2022-11-24,48600,48950,47100,47200,241591,47970,50142.5,48852.5,50634.166666666664,HOLD,0,,,204320,31.38
2022-11-25,47350,47750,46850,47000,124053,47660,49977.5,48762.5,50561.666666666664,HOLD,0,,,204320,31.38
2022-11-28,47000,47500,46450,47400,130506,47380,49875,48647.5,50494.166666666664,HOLD,0,,,204320,31.38
2022-11-29,47050,48150,46950,47950,142934,47570,49747.5,48546.666666666664,50437.083333333336,HOLD,0,,,204320,31.38
2022-11-30,47650,48200,46850,48000,240623,47510,49547.5,48466.666666666664,50385.416666666664,HOLD,0,,,204320,31.38
2022-12-01,48800,49250,48150,48500,243614,47770,49372.5,48395,50333.75,HOLD,0,,,204320,31.38
2022-12-02,48700,48900,47600,47650,138949,47900,49165,48300.833333333336,50274.166666666664,HOLD,0,,,204320,31.38
2022-12-05,47950,48000,46300,46650,202686,47750,48917.5,48170,50233.75,HOLD,0,,,204320,31.38
2022-12-06,46650,46850,45500,45800,229549,47320,48602.5,48020,50192.916666666664,HOLD,0,,,204320,31.38
2022-12-07,45700,45700,44800,45600,136751,46840,48307.5,47868.333333333336,50150.416666666664,HOLD,0,,,204320,31.38
2022-12-08,46150,46500,45600,46150,220096,46370,48065,47749.166666666664,50120.833333333336,HOLD,0,,,204320,31.38
2022-12-09,46750,46850,45550,45900,176987,46020,47815,47634.166666666664,50101.666666666664,HOLD,0,,,204320,31.38
2022-12-12,45400,45750,44800,45200,158444,45730,47525,47550.833333333336,50088.75,HOLD,0,,,204320,31.38
2022-12-13,45300,45900,43400,43850,337466,45340,47182.5,47441.666666666664,50055.833333333336,HOLD,0,,,204320,31.38
2022-12-14,44000,44400,43150,44200,274509,45060,46927.5,47325,50045,HOLD,0,,,204320,31.38
2022-12-15,44050,45350,43850,44600,227534,44750,46715,47201.666666666664,50047.916666666664,HOLD,0,,,204320,31.38
2022-12-16,44650,46050,44450,45350,321872,44640,46555,47107.5,50048.333333333336,HOLD,0,,,204320,31.38
2022-12-19,45050,45250,43000,44300,260530,44460,46330,47015,50010.416666666664,HOLD,0,,,204320,31.38
2022-12-20,43900,44400,42650,44350,255019,44560,46197.5,46944.166666666664,49973.75,HOLD,0,,,204320,31.38
2022-12-21,44400,44450,43100,43300,188435,44380,45947.5,46900.833333333336,49937.083333333336,HOLD,0,,,204320,31.38
2022-12-22,43300,44400,43250,44100,206079,44280,45792.5,46856.666666666664,49908.333333333336,HOLD,0,,,204320,31.38
2022-12-23,43500,43950,43200,43400,158734,43890,45612.5,46840.833333333336,49875,HOLD,0,,,204320,31.38
2022-12-26,43400,43600,42850,43250,124712,43680,45405,46792.5,49845.833333333336,HOLD,0,,,204320,31.38
2022-12-27,43250,43850,43250,43500,119318,43510,45182.5,46778.333333333336,49817.916666666664,HOLD,0,,,204320,31.38
2022-12-28,42650,42850,42050,42100,175985,43270,44887.5,46720,49790.416666666664,HOLD,0,,,204320,31.38
2022-12-29,41950,42000,40200,40300,290035,42510,44477.5,46636.666666666664,49737.916666666664,HOLD,0,,,204320,31.38
2023-01-02,40900,43200,40850,42350,252883,42300,44212.5,46575.833333333336,49686.666666666664,BUY,16,42350,시장가,204320,31.38
2023-01-03,42150,43000,41050,42500,238529,42150,44005,46517.5,49623.333333333336,HOLD,0,,,204320,31.38
2023-01-04,41550,42500,41400,41650,180243,41780,43797.5,46503.333333333336,49556.25,HOLD,0,,,204320,31.38
2023-01-05,41850,42300,41200,41550,197337,41670,43595,46495,49475,HOLD,0,,,204320,31.38
2023-01-06,41050,42900,40900,42650,198441,42140,43420,46521.666666666664,49407.916666666664,HOLD,0,,,204320,31.38
2023-01-09,43650,44200,43300,43650,337866,42400,43307.5,46545.833333333336,49335,HOLD,0,,,204320,31.38
2023-01-10,43650,43650,42850,43500,187761,42600,43222.5,46565.833333333336,49256.666666666664,HOLD,0,,,204320,31.38
2023-01-11,43600,43850,42950,43450,165005,42960,43202.5,46548.333333333336,49172.083333333336,HOLD,0,,,204320,31.38
2023-01-12,43850,45000,43600,43850,249825,43420,43185,46522.5,49085.833333333336,HOLD,0,,,204320,31.38
2023-01-13,44400,44500,43500,43500,198964,43590,43130,46505.833333333336,48998.333333333336,HOLD,0,,,204320,31.38
2023-01-16,43500,44400,42850,43700,189890,43600,43047.5,46485.833333333336,48905,HOLD,0,,,204320,31.38
2023-01-17,43800,44300,43150,43750,148636,43650,43020,46471.666666666664,48800.416666666664,HOLD,0,,,204320,31.38
2023-01-18,44000,44100,43000,43550,182815,43670,42980,46418.333333333336,48694.166666666664,HOLD,0,,,204320,31.38
2023-01-19,43050,43050,42500,42950,193505,43490,42962.5,46358.333333333336,48582.916666666664,HOLD,0,,,204320,31.38
2023-01-20,42650,43150,42550,43100,108484,43410,42912.5,46282.5,48472.083333333336,HOLD,0,,,204320,31.38
2023-01-25,43400,44250,43400,43900,468,43450,42937.5,46175.833333333336,48361.25,HOLD,0,,,204320,31.38
2023-01-26,44050,45550,43900,45500,1761,43800,43050,46110,48261.25,HOLD,0,,,204320,31.38
2023-01-27,45750,46250,44650,45350,1144,44160,43142.5,46024.166666666664,48162.5,HOLD,0,,,204320,31.38
2023-01-30,45300,45650,44150,44150,941,44400,43245,45893.333333333336,48052.083333333336,HOLD,0,,,204320,31.38
2023-01-31,44050,44800,43700,44500,607,44680,43455,45768.333333333336,47947.083333333336,HOLD,0,,,204320,31.38
2023-02-01,44650,46000,44350,45350,758,44970,43605,45660.833333333336,47861.666666666664,HOLD,0,,,204320,31.38
2023-02-02,45650,45800,44650,44850,1021,44840,43722.5,45548.333333333336,47770.416666666664,HOLD,0,,,204320,31.38
2023-02-03,44650,45750,44400,45350,1092,44840,43907.5,45435.833333333336,47680.833333333336,HOLD,0,,,204320,31.38
2023-02-06,45150,45850,44850,45100,1089,45030,44085,45329.166666666664,47595.833333333336,HOLD,0,,,204320,31.38
2023-02-07,45500,45900,45100,45200,795,45170,44212.5,45232.5,47500,BUY,16,45200,시장가,204320,31.38
2023-02-08,45300,46950,45000,46700,1152,45440,44365,45162.5,47418.333333333336,HOLD,0,,,204320,31.38
2023-02-09,46600,47200,46050,46400,7952,45750,44510,45085.833333333336,47340.833333333336,HOLD,0,,,204320,31.38
2023-02-10,45700,47950,45300,47700,1142,46220,44722.5,45035.833333333336,47281.666666666664,HOLD,0,,,204320,31.38
2023-02-13,47600,47650,46050,46200,1234,46440,44840,44984.166666666664,47215,HOLD,0,,,204320,31.38
2023-02-14,46400,47800,46050,46950,463,46790,45012.5,44952.5,47150.416666666664,HOLD,0,,,204320,31.38
2023-02-15,47100,47850,46100,46300,329,46710,45142.5,44915,47085.416666666664,HOLD,0,,,204320,31.38
2023-02-16,46700,48450,46600,47750,754,46980,45342.5,44897.5,47038.333333333336,HOLD,0,,,204320,31.38
2023-02-17,47000,48100,47000,47400,503,46920,45535,44904.166666666664,46989.166666666664,HOLD,0,,,204320,31.38
2023-02-20,47550,47650,46750,47350,451,47150,45755,44888.333333333336,46931.25,HOLD,0,,,204320,31.38
2023-02-21,47600,47700,46550,47200,503,47200,45960,44888.333333333336,46870.416666666664,HOLD,0,,,204320,31.38
2023-02-22,46500,47100,45800,45850,940,47110,46057.5,44869.166666666664,46815.833333333336,HOLD,0,,,204320,31.38
2023-02-23,45850,47500,45650,46600,831,46880,46112.5,44855.833333333336,46751.666666666664,HOLD,0,,,204320,31.38
2023-02-24,46700,47500,46450,46650,176,46730,46177.5,44834.166666666664,46690.416666666664,HOLD,0,,,204320,31.38
2023-02-27,46050,46450,44850,46300,163711,46520,46285,44805.833333333336,46636.25,HOLD,0,,,204320,31.38
2023-02-28,46400,48250,46400,47450,325159,46570,46432.5,44788.333333333336,46591.666666666664,HOLD,0,,,204320,31.38
2023-03-02,47850,49800,47650,49100,545527,47220,46620,44812.5,46556.666666666664,HOLD,0,,,204320,31.38
2023-03-03,49500,51600,49300,51400,873157,48180,46947.5,44891.666666666664,46530.833333333336,HOLD,0,,,204320,31.38
2023-03-06,51900,52100,50200,50400,279531,48930,47200,44968.333333333336,46494.166666666664,HOLD,0,,,204320,31.38
2023-03-07,50500,50500,48200,48200,368867,49310,47355,45011.666666666664,46440,HOLD,0,,,204320,31.38
2023-03-08,47900,48600,47700,48250,178669,49470,47507.5,45046.666666666664,46397.916666666664,HOLD,0,,,204320,31.38
2023-03-09,48250,49300,48100,48550,337863,49360,47600,45090.833333333336,46362.5,HOLD,0,,,204320,31.38
2023-03-10,47950,48300,47300,47650,177013,48610,47662.5,45131.666666666664,46341.25,HOLD,0,,,204320,31.38
2023-03-13,47600,48050,46700,47800,205253,48090,47667.5,45197.5,46319.583333333336,HOLD,0,,,204320,31.38
2023-03-14,47300,47300,45050,45200,398113,47490,47617.5,45214.166666666664,46269.583333333336,HOLD,0,,,204320,31.38
2023-03-15,46000,46800,45700,45700,242457,46980,47555,45232.5,46217.083333333336,HOLD,0,,,204320,31.38
2023-03-16,45050,45350,44000,44650,275618,46200,47472.5,45220.833333333336,46164.166666666664,HOLD,0,,,204320,31.38
2023-03-17,44900,46750,44850,46600,286007,45990,47415,45259.166666666664,46137.083333333336,HOLD,0,,,204320,31.38
2023-03-20,46500,46600,45000,45150,252636,45460,47302.5,45272.5,46108.333333333336,HOLD,0,,,204320,31.38
2023-03-21,45650,46200,45000,45100,273600,45440,47190,45302.5,46101.666666666664,HOLD,0,,,204320,31.38
2023-03-22,45650,45850,45150,45650,247038,45430,47112.5,45328.333333333336,46092.5,HOLD,0,,,204320,31.38
2023-03-23,45100,45300,44250,44950,384427,45490,47067.5,45354.166666666664,46097.5,HOLD,0,,,204320,31.38
2023-03-24,45000,45400,44200,44500,185377,45070,46962.5,45375,46083.75,HOLD,0,,,204320,31.38
2023-03-27,44700,44700,44000,44550,132491,44950,46857.5,45392.5,46085.416666666664,HOLD,0,,,204320,31.38
2023-03-28,44550,45250,44300,45150,219795,44960,46800,45443.333333333336,46081.666666666664,HOLD,0,,,204320,31.38
2023-03-29,45200,46100,45000,45400,298648,44910,46697.5,45528.333333333336,46082.5,HOLD,0,,,204320,31.38
2023-03-30,45800,46300,45550,46000,236280,45120,46542.5,45589.166666666664,46082.5,HOLD,0,,,204320,31.38
2023-03-31,46300,46750,45300,45850,293036,45390,46265,45645,46081.25,HOLD,0,,,204320,31.38
2023-04-03,46350,47450,45950,46200,300700,45720,46055,45720.833333333336,46112.083333333336,HOLD,0,,,204320,31.38
2023-04-04,46150,47600,45900,47250,428732,46140,46007.5,45815.833333333336,46155.416666666664,HOLD,0,,,204320,31.38
2023-04-05,47300,47300,45500,46900,396608,46440,45940,45886.666666666664,46204.166666666664,HOLD,0,,,204320,31.38
2023-04-06,47100,47100,45400,45750,339951,46390,45800,45921.666666666664,46233.75,HOLD,0,,,204320,31.38
2023-04-07,45800,46650,45450,46250,330485,46470,45730,45967.5,46266.666666666664,HOLD,0,,,204320,31.38
2023-04-10,46250,46350,45100,46000,296794,46430,45640,46010,46279.166666666664,HOLD,0,,,204320,31.38
2023-04-11,45950,48000,45300,48000,576674,46580,45780,46079.166666666664,46300.833333333336,HOLD,0,,,204320,31.38
2023-04-12,49150,49550,48300,49400,661908,47080,45965,46177.5,46341.666666666664,HOLD,0,,,204320,31.38
2023-04-13,49500,49500,47600,48550,338762,47640,46160,46258.333333333336,46372.083333333336,HOLD,0,,,204320,31.38
2023-04-14,49000,49000,47700,48000,262381,47990,46230,46329.166666666664,46400.416666666664,HOLD,0,,,204320,31.38
2023-04-17,48350,48350,47200,47800,248203,48350,46362.5,46400,46409.166666666664,HOLD,0,,,204320,31.38
2023-04-18,47500,47700,46600,46900,324129,48130,46452.5,46465.833333333336,46412.083333333336,HOLD,0,,,204320,31.38
2023-04-19,46750,48000,46750,47850,256349,47820,46562.5,46545,46413.75,HOLD,0,,,204320,31.38
2023-04-20,48300,48500,46600,46900,264046,47490,46660,46595,46385.416666666664,HOLD,0,,,204320,31.38
2023-04-21,46600,46850,45400,46850,311323,47260,46777.5,46617.5,46363.75,HOLD,0,,,204320,31.38
2023-04-24,47550,49300,47400,49000,734069,47500,47000,46678.333333333336,46351.25,HOLD,0,,,204320,31.38
2023-04-25,49300,50200,48350,49600,532879,48040,47222.5,46769.166666666664,46331.25,HOLD,0,,,204320,31.38
2023-04-26,49800,51100,47600,47750,547140,48020,47340,46823.333333333336,46295.833333333336,HOLD,0,,,204320,31.38
2023-04-27,47800,47800,46200,46250,330679,47890,47352.5,46838.333333333336,46249.583333333336,HOLD,0,,,204320,31.38
2023-04-28,46500,46700,45650,46250,226812,47770,47372.5,46861.666666666664,46205,HOLD,0,,,204320,31.38
2023-05-02,46400,46900,46150,46750,137962,47320,47400,46885,46160.416666666664,HOLD,0,,,204320,31.38
2023-05-03,46450,46500,44500,44550,517397,46310,47265,46875.833333333336,46102.5,HOLD,0,,,204320,31.38
2023-05-04,44550,44800,44400,44750,170391,45710,47157.5,46868.333333333336,46050.416666666664,HOLD,0,,,204320,31.38
2023-05-08,45100,45800,45000,45250,254122,45510,47132.5,46844.166666666664,46003.333333333336,HOLD,0,,,204320,31.38
2023-05-09,45250,45900,44700,45850,209014,45430,47112.5,46835,45960.416666666664,HOLD,0,,,204320,31.38
2023-05-10,45750,46600,45400,45850,237548,45250,47105,46804.166666666664,45920,HOLD,0,,,204320,31.38
2023-05-11,46150,46850,45900,46100,171611,45560,47010,46802.5,45893.333333333336,HOLD,0,,,204320,31.38
2023-05-12,46050,46650,45400,46250,198781,45860,46852.5,46790.833333333336,45871.666666666664,HOLD,0,,,204320,31.38
2023-05-15,46050,46950,45900,46750,177853,46160,46762.5,46798.333333333336,45856.666666666664,HOLD,0,,,204320,31.38
2023-05-16,46700,46700,45300,45700,200656,46130,46647.5,46764.166666666664,45830.833333333336,HOLD,0,,,204320,31.38
2023-05-17,45300,46400,45300,46250,150286,46210,46570,46745,45824.583333333336,HOLD,0,,,204320,31.38
2023-05-18,46700,47350,46650,47250,266360,46440,46587.5,46743.333333333336,45815.833333333336,HOLD,0,,,204320,31.38
2023-05-19,47250,47550,46700,47400,198860,46670,46565,46746.666666666664,45817.5,HOLD,0,,,204320,31.38
2023-05-22,47300,47800,47000,47450,212381,46810,46592.5,46773.333333333336,45821.25,HOLD,0,,,204320,31.38
2023-05-23,47950,48000,47200,47450,156569,47160,46622.5,46787.5,45821.666666666664,HOLD,0,,,204320,31.38
2023-05-24,47200,48350,47000,48200,216033,47550,46582.5,46813.333333333336,45823.75,HOLD,0,,,204320,31.38
2023-05-25,47800,48200,47250,47300,170022,47560,46467.5,46830,45817.916666666664,HOLD,0,,,204320,31.38
2023-05-26,47200,47850,46800,47500,160520,47580,46455,46830.833333333336,45809.583333333336,HOLD,0,,,204320,31.38
2023-05-30,48050,48050,46800,47700,187217,47630,46527.5,46807.5,45810,HOLD,0,,,204320,31.38
2023-05-31,47800,49250,47800,48200,441634,47780,46625,46754.166666666664,45822.916666666664,HOLD,0,,,204320,31.38
2023-06-01,48500,48950,47050,47100,196736,47560,46642.5,46699.166666666664,45833.75,HOLD,0,,,204320,31.38
2023-06-02,47450,48100,47000,47750,176814,47650,46802.5,46691.666666666664,45851.666666666664,HOLD,0,,,204320,31.38
2023-06-05,48200,48800,48100,48350,118888,47820,46982.5,46693.333333333336,45870,HOLD,0,,,204320,31.38
2023-06-07,48800,48800,47250,47300,239678,47740,47085,46672.5,45881.666666666664,HOLD,0,,,204320,31.38
2023-06-08,47150,47550,46600,47100,223114,47520,47147.5,46663.333333333336,45897.5,HOLD,0,,,204320,31.38
2023-06-09,47350,47650,47000,47250,188302,47550,47217.5,46654.166666666664,45925.833333333336,HOLD,0,,,204320,31.38
2023-06-12,47250,48000,46700,47100,180525,47420,47267.5,46685.833333333336,45950,HOLD,0,,,204320,31.38
2023-06-13,47350,47750,47050,47350,201200,47220,47322.5,46713.333333333336,45972.916666666664,HOLD,0,,,204320,31.38
2023-06-14,47350,48100,46550,46800,239911,47120,47325,46749.166666666664,45985,HOLD,0,,,204320,31.38
2023-06-15,47300,49700,47150,49400,571289,47580,47510,46795.833333333336,46027.5,HOLD,0,,,204320,31.38
2023-06-16,49400,49750,49000,49350,267094,48000,47665,46865.833333333336,46069.166666666664,HOLD,0,,,204320,31.38
2023-06-19,49900,49950,48350,48700,173678,48320,47737.5,46925.833333333336,46114.166666666664,HOLD,0,,,204320,31.38
2023-06-20,48700,48750,48150,48600,104609,48570,47797.5,46975,46151.666666666664,SELL,16,48600,시장가,204320,31.38
2023-06-20,48700,48750,48150,48600,104609,48570,47797.5,46975,46151.666666666664,SELL,16,48600,시장가,204320,31.38
2023-06-21,48800,51900,48200,51700,677497,49550,48010,47087.5,46220.833333333336,HOLD,0,,,204320,31.38
2023-06-22,51600,51600,50200,50800,307102,49830,48177.5,47192.5,46283.75,HOLD,0,,,204320,31.38
2023-06-23,50900,51700,50400,51000,257726,50160,48317.5,47300,46346.25,HOLD,0,,,204320,31.38
2023-06-26,50400,51900,50400,51300,205224,50680,48517.5,47402.5,46422.916666666664,HOLD,0,,,204320,31.38
2023-06-27,51500,52400,50900,52100,224728,51380,48747.5,47514.166666666664,46521.25,HOLD,0,,,204320,31.38
2023-06-28,52500,53400,51700,53100,344766,51660,49017.5,47632.5,46610.833333333336,HOLD,0,,,204320,31.38
2023-06-29,53200,53300,52100,52500,240825,52000,49232.5,47743.333333333336,46694.166666666664,HOLD,0,,,204320,31.38
2023-06-30,52500,54500,52300,53900,383571,52580,49572.5,47871.666666666664,46796.25,HOLD,0,,,204320,31.38
2023-07-03,54000,54300,52800,53300,297373,52980,49850,47972.5,46894.166666666664,SELL,37,53300,시장가,204320,31.38
2023-07-04,53000,53800,52300,53300,248219,53220,50097.5,48079.166666666664,46982.916666666664,HOLD,0,,,204320,31.38
2023-07-05,53400,53800,52400,53100,251705,53220,50387.5,48201.666666666664,47061.666666666664,HOLD,0,,,204320,31.38
2023-07-06,53100,54500,52800,53200,414321,53360,50692.5,48317.5,47142.5,HOLD,0,,,204320,31.38
2023-07-07,53100,53400,51500,53000,254846,53180,50980,48434.166666666664,47222.083333333336,HOLD,0,,,204320,31.38
2023-07-10,53000,53600,52000,53100,148486,53140,51280,48519.166666666664,47299.166666666664,HOLD,0,,,204320,31.38
2023-07-11,53400,53700,52400,53500,177736,53180,51587.5,48587.5,47382.5,HOLD,0,,,204320,31.38
2023-07-12,53500,53600,51900,52100,197926,52980,51852.5,48646.666666666664,47452.5,HOLD,0,,,204320,31.38
2023-07-13,52500,52700,51100,51500,377562,52640,51957.5,48705,47517.083333333336,HOLD,0,,,204320,31.38
2023-07-14,51900,53100,51700,52200,312760,52480,52100,48778.333333333336,47589.166666666664,HOLD,0,,,204320,31.38
2023-07-17,51800,52400,50500,50900,230470,52040,52210,48845,47655.416666666664,HOLD,0,,,204320,31.38
2023-07-18,51000,51100,49700,50000,325913,51340,52280,48880.833333333336,47712.916666666664,HOLD,0,,,204320,31.38
2023-07-19,50000,50900,49800,50400,153085,51000,52215,48939.166666666664,47767.083333333336,HOLD,0,,,204320,31.38
2023-07-20,49950,50600,49350,50000,230270,50700,52175,48991.666666666664,47804.583333333336,HOLD,0,,,204320,31.38
2023-07-21,49550,50100,49150,49600,204177,50180,52105,49001.666666666664,47840,HOLD,0,,,204320,31.38
2023-07-24,49550,49750,48550,48850,267249,49770,51982.5,48989.166666666664,47879.166666666664,BUY,18,48850,시장가,204320,31.38
2023-07-25,48650,50000,48650,49500,207634,49670,51852.5,49018.333333333336,47920.833333333336,HOLD,0,,,204320,31.38
2023-07-26,49400,49400,47050,47950,400033,49180,51595,49046.666666666664,47942.5,HOLD,0,,,204320,31.38
2023-07-27,48700,49450,47300,47900,430030,48760,51365,49074.166666666664,47967.916666666664,HOLD,0,,,204320,31.38
2023-07-28,48050,49450,47700,48050,300930,48450,51072.5,49095.833333333336,47990.416666666664,HOLD,0,,,204320,31.38
2023-07-31,48200,48400,45850,46150,629635,47910,50715,49122.5,47999.166666666664,HOLD,0,,,204320,31.38
2023-08-01,46400,46700,45850,46600,293435,47330,50380,49153.333333333336,48010.833333333336,HOLD,0,,,204320,31.38
2023-08-02,46600,46600,45000,45050,343486,46750,49977.5,49150,47997.083333333336,HOLD,0,,,204320,31.38
2023-08-03,45000,45450,44100,44650,309954,46100,49550,49130,47982.5,HOLD,0,,,204320,31.38
2023-08-04,44700,44850,44150,44650,220013,45420,49132.5,49110,47957.083333333336,HOLD,0,,,204320,31.38
2023-08-07,44350,44350,43000,43100,439553,44810,48632.5,49060,47931.25,HOLD,0,,,204320,31.38
2023-08-08,43350,43550,42350,42400,363358,43970,48077.5,48995.833333333336,47893.333333333336,HOLD,0,,,204320,31.38
2023-08-09,42200,42800,42150,42800,220416,43520,47612.5,48930,47864.166666666664,BUY,18,42800,시장가,204320,31.38
2023-08-10,42500,42600,41900,42500,229329,43090,47162.5,48876.666666666664,47820.416666666664,HOLD,0,,,204320,31.38
2023-08-11,42900,44350,42850,44050,374095,42970,46755,48840,47792.5,HOLD,0,,,204320,31.38
2023-08-14,44250,44300,43150,43150,236351,42980,46367.5,48771.666666666664,47757.5,HOLD,0,,,204320,31.38
2023-08-16,42950,43000,41250,41950,347555,42890,45965,48680.833333333336,47713.75,HOLD,0,,,204320,31.38
2023-08-17,41200,42000,40900,42000,252907,42730,45545,48590,47681.666666666664,HOLD,0,,,204320,31.38
2023-08-18,41350,42300,41150,42300,221072,42690,45160,48504.166666666664,47645.833333333336,BUY,18,42300,시장가,204320,31.38
2023-08-21,42500,42500,41250,41500,173104,42180,44755,48392.5,47602.916666666664,HOLD,0,,,204320,31.38
2023-08-22,41800,42150,41400,41800,117418,41910,44402.5,48300.833333333336,47565.416666666664,HOLD,0,,,204320,31.38
2023-08-23,41550,41750,41100,41350,162759,41790,43995,48198.333333333336,47514.583333333336,HOLD,0,,,204320,31.38
2023-08-24,41700,41800,41250,41600,125432,41710,43677.5,48096.666666666664,47452.083333333336,HOLD,0,,,204320,31.38
2023-08-25,41050,41350,40950,41100,117500,41470,43337.5,47978.333333333336,47366.25,HOLD,0,,,204320,31.38
2023-08-28,41500,41600,40950,41500,132764,41470,43010,47885,47292.083333333336,HOLD,0,,,204320,31.38
2023-08-29,41800,42200,41600,41900,181830,41490,42797.5,47787.5,47239.583333333336,HOLD,0,,,204320,31.38
2023-08-30,42500,42650,41850,42250,247596,41670,42580,47685.833333333336,47189.583333333336,HOLD,0,,,204320,31.38
2023-08-31,42250,42300,41500,41900,248156,41730,42422.5,47595.833333333336,47134.166666666664,BUY,18,41900,시장가,204320,31.38
2023-09-01,41600,42150,41600,42050,183787,41920,42292.5,47511.666666666664,47087.5,HOLD,0,,,204320,31.38
2023-09-04,42100,42250,41350,42150,220640,42050,42167.5,47426.666666666664,47040.416666666664,HOLD,0,,,204320,31.38
2023-09-05,42100,42150,41500,41650,234679,42000,42095,47335.833333333336,47010.833333333336,HOLD,0,,,204320,31.38
2023-09-06,41550,42250,41000,41300,266298,41810,42040,47235,46974.166666666664,HOLD,0,,,204320,31.38
2023-09-07,41000,41300,40650,41100,229639,41650,41955,47140,46944.583333333336,HOLD,0,,,204320,31.38
2023-09-08,41200,41200,40600,40850,156478,41410,41872.5,46997.5,46896.666666666664,HOLD,0,,,204320,31.38
2023-09-11,40900,40950,40300,40450,185579,41070,41692.5,46849.166666666664,46857.5,HOLD,0,,,204320,31.38
2023-09-12,40900,41350,40150,40350,253432,40810,41552.5,46710,46817.916666666664,HOLD,0,,,204320,31.38
2023-09-13,40150,41100,40150,40750,224382,40700,41492.5,46579.166666666664,46777.083333333336,HOLD,0,,,204320,31.38
2023-09-14,40750,41000,40350,40600,259922,40600,41422.5,46394.166666666664,46740.833333333336,HOLD,0,,,204320,31.38
2023-09-15,40800,41700,40300,41400,360828,40710,41377.5,46237.5,46715,HOLD,0,,,204320,31.38
2023-09-18,41350,41550,40550,40700,217865,40760,41337.5,46065.833333333336,46682.916666666664,HOLD,0,,,204320,31.38
2023-09-19,40700,41250,40700,41050,291890,40900,41300,45895,46648.75,HOLD,0,,,204320,31.38
2023-09-20,40800,42000,40600,41350,314885,41020,41300,45715.833333333336,46615,HOLD,0,,,204320,31.38
2023-09-21,40900,42400,40600,40700,506004,41040,41255,45509.166666666664,46570.833333333336,HOLD,0,,,204320,31.38
2023-09-22,40450,41400,39950,41350,326872,41030,41267.5,45323.333333333336,46533.333333333336,HOLD,0,,,204320,31.38
2023-09-25,41350,42250,40950,42150,321141,41320,41300,45127.5,46499.583333333336,HOLD,0,,,204320,31.38
2023-09-26,42250,42250,41000,41100,245587,41330,41260,44924.166666666664,46448.333333333336,HOLD,0,,,204320,31.38
2023-09-27,40550,42450,40500,42000,368779,41460,41247.5,44735.833333333336,46407.5,HOLD,0,,,204320,31.38
2023-10-04,41650,42000,41000,41250,360575,41570,41215,44538.333333333336,46370,HOLD,0,,,204320,31.38
2023-10-05,41450,41600,40400,40750,261285,41450,41150,44330.833333333336,46324.166666666664,HOLD,0,,,204320,31.38
2023-10-06,40700,41400,40400,41050,170991,41230,41095,44131.666666666664,46282.916666666664,HOLD,0,,,204320,31.38
2023-10-10,41650,41700,40300,40600,275460,41130,41042.5,43923.333333333336,46221.25,HOLD,0,,,204320,31.38
2023-10-11,40700,41250,39050,39200,854421,40570,40937.5,43685,46136.25,HOLD,0,,,204320,31.38
2023-10-12,39350,40500,39350,40400,557091,40400,40902.5,43490,46068.333333333336,HOLD,0,,,204320,31.38
2023-10-13,39800,39850,37150,37250,949569,39700,40722.5,43252.5,45978.75,HOLD,0,,,204320,31.38
2023-10-16,37250,37950,36700,36900,359754,38870,40545,42997.5,45887.916666666664,HOLD,0,,,204320,31.38
2023-10-17,37200,37600,36600,36650,431355,38080,40360,42760,45802.5,HOLD,0,,,204320,31.38
2023-10-18,36700,37250,36700,36900,272672,37620,40167.5,42541.666666666664,45711.25,HOLD,0,,,204320,31.38
2023-10-19,36650,36650,36050,36400,355960,36820,39957.5,42308.333333333336,45623.75,HOLD,0,,,204320,31.38
2023-10-20,35700,36250,35050,35750,301217,36520,39675,42070.833333333336,45531.25,HOLD,0,,,204320,31.38
2023-10-23,35600,36450,35500,36050,211753,36350,39442.5,41845,45423.333333333336,HOLD,0,,,204320,31.38
2023-10-24,35800,37050,35150,37000,345069,36420,39240,41647.5,45318.333333333336,HOLD,0,,,204320,31.38
2023-10-25,36900,37000,35850,36100,289588,36260,38977.5,41424.166666666664,45221.25,HOLD,0,,,204320,31.38
2023-10-26,35850,35900,35450,35700,236218,36120,38727.5,41220,45133.333333333336,HOLD,0,,,204320,31.38
2023-10-27,36000,36300,35350,35700,185942,36110,38445,41016.666666666664,45045.416666666664,HOLD,0,,,204320,31.38
2023-10-30,35550,35700,33000,33950,528474,35690,38035,40781.666666666664,44938.75,HOLD,0,,,204320,31.38
2023-10-31,34150,34450,32650,32750,434685,34840,37617.5,40558.333333333336,44840.416666666664,HOLD,0,,,204320,31.38
2023-11-01,32950,33200,32400,32700,281910,34160,37152.5,40326.666666666664,44740,HOLD,0,,,204320,31.38
2023-11-02,33050,33850,33050,33500,317918,33720,36765,40134.166666666664,44642.083333333336,HOLD,0,,,204320,31.38
2023-11-03,34000,34000,32850,33500,317113,33280,36402.5,39948.333333333336,44539.166666666664,HOLD,0,,,204320,31.38
2023-11-06,34500,35500,34150,35500,400540,33590,36125,39795.833333333336,44452.916666666664,BUY,18,35500,시장가,204320,31.38
2023-11-06,34500,35500,34150,35500,400540,33590,36125,39795.833333333336,44452.916666666664,BUY,18,35500,시장가,204320,31.38
2023-11-07,35250,35250,34100,34350,224574,33910,35812.5,39650,44355,HOLD,0,,,204320,31.38
2023-11-08,34600,34800,34150,34200,164359,34210,35562.5,39513.333333333336,44254.583333333336,HOLD,0,,,204320,31.38
2023-11-09,34200,34800,34150,34150,235873,34340,35250,39369.166666666664,44149.583333333336,HOLD,0,,,204320,31.38
2023-11-10,33650,34050,33450,33550,139507,34350,35065,39220,44048.333333333336,HOLD,0,,,204320,31.38
2023-11-13,33850,34100,33250,33600,100840,33970,34900,39045.833333333336,43942.916666666664,HOLD,0,,,204320,31.38
2023-11-14,33850,34150,33600,34000,141389,33900,34767.5,38893.333333333336,43832.5,HOLD,0,,,204320,31.38
2023-11-15,34650,35100,34600,34950,212925,34050,34670,38776.666666666664,43728.75,HOLD,0,,,204320,31.38
2023-11-16,34800,36000,34700,35750,215597,34370,34637.5,38672.5,43631.25,HOLD,0,,,204320,31.38
2023-11-17,35700,35750,35250,35650,103301,34790,34632.5,38561.666666666664,43532.916666666664,HOLD,0,,,204320,31.38
2023-11-20,35550,35900,35300,35850,132399,35240,34622.5,38467.5,43430,HOLD,0,,,204320,31.38
2023-11-21,36250,36250,35800,36000,111814,35640,34572.5,38370.833333333336,43335.833333333336,HOLD,0,,,204320,31.38
2023-11-22,35550,36200,35400,36100,131386,35870,34572.5,38283.333333333336,43240.833333333336,HOLD,0,,,204320,31.38
2023-11-23,36000,36300,35800,36300,106748,35980,34602.5,38195,43145.833333333336,HOLD,0,,,204320,31.38
2023-11-24,36400,36550,36050,36400,87346,36130,34637.5,38116.666666666664,43047.5,HOLD,0,,,204320,31.38
2023-11-27,36500,36550,36000,36350,84790,36230,34757.5,38030.833333333336,42957.916666666664,HOLD,0,,,204320,31.38
2023-11-28,36400,36550,36150,36500,81264,36330,34945,37940.833333333336,42864.166666666664,HOLD,0,,,204320,31.38
2023-11-29,36500,36800,36200,36400,134950,36390,35130,37843.333333333336,42764.583333333336,HOLD,0,,,204320,31.38
2023-11-30,36500,36500,35550,35650,253207,36260,35237.5,37739.166666666664,42667.5,HOLD,0,,,204320,31.38
2023-12-01,35650,35700,35100,35100,160246,36000,35317.5,37623.333333333336,42567.5,HOLD,0,,,204320,31.38
2023-12-04,35450,36250,35200,35250,210626,35780,35305,37508.333333333336,42467.5,HOLD,0,,,204320,31.38
2023-12-05,35200,35600,34800,34900,128348,35460,35332.5,37395.833333333336,42365.833333333336,HOLD,0,,,204320,31.38
2023-12-06,35050,35600,35050,35600,153018,35300,35402.5,37300.833333333336,42267.916666666664,HOLD,0,,,204320,31.38
2023-12-07,35150,35700,35050,35450,155825,35260,35467.5,37206.666666666664,42173.333333333336,HOLD,0,,,204320,31.38
2023-12-08,35650,36250,35400,36100,198587,35460,35595,37127.5,42062.5,HOLD,0,,,204320,31.38
2023-12-11,36300,36300,35050,35400,189023,35490,35685,37043.333333333336,41946.25,HOLD,0,,,204320,31.38
2023-12-12,35550,35850,35450,35700,129398,35650,35770,36965.833333333336,41837.916666666664,HOLD,0,,,204320,31.38
2023-12-13,35800,35800,35350,35400,96132,35610,35792.5,36876.666666666664,41727.916666666664,HOLD,0,,,204320,31.38
2023-12-14,35900,36150,35250,35700,250414,35660,35790,36795,41594.583333333336,HOLD,0,,,204320,31.38
2023-12-15,35800,36750,35600,36400,403944,35720,35827.5,36711.666666666664,41474.583333333336,HOLD,0,,,204320,31.38
2023-12-18,36800,37000,35950,36200,260552,35880,35845,36636.666666666664,41351.25,HOLD,0,,,204320,31.38
2023-12-19,36400,36550,36150,36300,162825,36000,35860,36557.5,41226.25,HOLD,0,,,204320,31.38
2023-12-20,36600,38300,36450,38250,694155,36570,35967.5,36505.833333333336,41110.833333333336,HOLD,0,,,204320,31.38
2023-12-21,38200,39650,37900,38200,612598,37070,36062.5,36464.166666666664,40986.666666666664,HOLD,0,,,204320,31.38
2023-12-22,38450,38750,38100,38100,238005,37410,36147.5,36410,40866.666666666664,HOLD,0,,,204320,31.38
2023-12-26,38450,39000,38000,38700,191219,37910,36265,36352.5,40740,HOLD,0,,,204320,31.38
2023-12-27,38650,38700,37350,37650,293575,38180,36322.5,36295,40609.583333333336,HOLD,0,,,204320,31.38
2023-12-28,37700,39550,37700,39350,504284,38400,36470,36250.833333333336,40493.333333333336,HOLD,0,,,204320,31.38
2024-01-02,39300,40200,39000,40100,299673,38780,36692.5,36231.666666666664,40385,HOLD,0,,,204320,31.38
2024-01-03,39750,39850,38750,38800,251268,38920,36877.5,36199.166666666664,40265,HOLD,0,,,204320,31.38
2024-01-04,38300,39000,37750,38200,308103,38820,37025,36151.666666666664,40141.666666666664,HOLD,0,,,204320,31.38
2024-01-05,38000,38150,37350,37600,168226,38810,37160,36101.666666666664,40012.5,HOLD,0,,,204320,31.38
2024-01-08,37700,38050,37650,37800,97799,38500,37270,36078.333333333336,39881.666666666664,HOLD,0,,,204320,31.38
2024-01-09,38200,38450,37600,37650,122012,38010,37380,36032.5,39761.25,HOLD,0,,,204320,31.38
2024-01-10,37650,38900,37550,38100,161942,37870,37480,36046.666666666664,39649.583333333336,HOLD,0,,,204320,31.38
2024-01-11,38800,38900,38000,38000,118157,37830,37610,36065,39531.25,HOLD,0,,,204320,31.38
2024-01-12,38000,38400,37250,38100,165983,37930,37730,36089.166666666664,39424.583333333336,HOLD,0,,,204320,31.38
2024-01-15,38050,38400,37700,38300,23075,38030,37875,36112.5,39327.083333333336,HOLD,0,,,204320,31.38
2024-01-16,38200,38500,37000,37000,129654,37900,37940,36122.5,39215.416666666664,HOLD,0,,,204320,31.38
2024-01-17,37000,37300,35000,35000,320052,37280,37870,36110,39090.416666666664,HOLD,0,,,204320,31.38
2024-01-18,35000,35150,34200,34250,168578,36530,37772.5,36080,38962.5,HOLD,0,,,204320,31.38
2024-01-19,34350,34650,34050,34300,158681,35770,37672.5,36035,38841.25,HOLD,0,,,204320,31.38
2024-01-22,34450,34450,33800,33950,118983,34900,37457.5,35999.166666666664,38711.666666666664,HOLD,0,,,204320,31.38
2024-01-23,34100,35200,33800,35200,161180,34540,37307.5,35990.833333333336,38605.416666666664,HOLD,0,,,204320,31.38
2024-01-24,35400,35400,34500,34950,112356,34530,37150,35978.333333333336,38497.5,HOLD,0,,,204320,31.38
2024-01-25,34950,35600,34600,35350,169291,34750,36982.5,36001.666666666664,38391.666666666664,HOLD,0,,,204320,31.38
2024-01-26,35650,35650,35000,35500,123534,34990,36875,36047.5,38302.916666666664,HOLD,0,,,204320,31.38
2024-01-29,35500,35900,35000,35500,144480,35300,36682.5,36094.166666666664,38210.416666666664,HOLD,0,,,204320,31.38
2024-01-30,35750,36100,35000,35000,106002,35260,36427.5,36119.166666666664,38126.666666666664,HOLD,0,,,204320,31.38
2024-01-31,34900,35550,34850,35200,161332,35310,36247.5,36147.5,38047.916666666664,HOLD,0,,,204320,31.38
2024-02-01,34700,36050,34600,35700,307797,35380,36122.5,36150.833333333336,37973.333333333336,HOLD,0,,,204320,31.38
2024-02-02,36300,37050,35600,36750,515165,35630,36080,36190.833333333336,37920.416666666664,HOLD,0,,,204320,31.38
2024-02-05,37550,38550,36050,36850,614666,35900,36032.5,36235,37874.166666666664,HOLD,0,,,204320,31.38
2024-02-06,36200,36650,32600,32650,1580239,35430,35782.5,36210,37789.583333333336,HOLD,0,,,204320,31.38
2024-02-07,32700,33550,32150,32800,894319,34950,35517.5,36197.5,37708.75,HOLD,0,,,204320,31.38
2024-02-08,32900,34150,32600,34050,701686,34620,35320,36205,37625.416666666664,HOLD,0,,,204320,31.38
2024-02-13,34500,35250,34050,34150,432411,34100,35122.5,36207.5,37550.416666666664,HOLD,0,,,204320,31.38
2024-02-14,33600,34750,33600,34300,268450,33590,34922.5,36196.666666666664,37486.666666666664,HOLD,0,,,204320,31.38
2024-02-15,34550,34550,33200,33300,401122,33720,34737.5,36155.833333333336,37414.166666666664,HOLD,0,,,204320,31.38
2024-02-16,33550,34300,33300,34300,295373,34020,34702.5,36133.333333333336,37347.5,HOLD,0,,,204320,31.38
2024-02-19,34250,34600,33750,34600,275920,34130,34720,36112.5,37290,HOLD,0,,,204320,31.38
2024-02-20,34400,34850,34300,34550,239208,34210,34732.5,36088.333333333336,37229.583333333336,HOLD,0,,,204320,31.38
2024-02-21,34500,34600,34050,34350,193651,34220,34752.5,36059.166666666664,37171.25,HOLD,0,,,204320,31.38
2024-02-22,34650,35150,34300,34950,288383,34550,34740,36036.666666666664,37115.833333333336,HOLD,0,,,204320,31.38
2024-02-23,35200,35250,34350,34450,214259,34580,34715,36004.166666666664,37060.416666666664,HOLD,0,,,204320,31.38
2024-02-26,34300,34400,33400,34100,265292,34480,34652.5,35966.666666666664,36998.75,HOLD,0,,,204320,31.38
2024-02-27,33950,34100,33050,33050,265443,34180,34530,35909.166666666664,36925,HOLD,0,,,204320,31.38
2024-02-28,33000,33850,32800,33600,151990,34030,34435,35862.5,36852.916666666664,HOLD,0,,,204320,31.38
2024-02-29,33300,33600,33050,33150,208280,33670,34342.5,35820.833333333336,36780,HOLD,0,,,204320,31.38
2024-03-04,33450,33800,33050,33100,189532,33400,34237.5,35787.5,36705.416666666664,HOLD,0,,,204320,31.38
2024-03-05,32950,33500,32900,33200,211358,33220,34112.5,35753.333333333336,36630.833333333336,HOLD,0,,,204320,31.38
2024-03-06,33000,33500,32900,33150,223122,33240,33932.5,35724.166666666664,36560,HOLD,0,,,204320,31.38
2024-03-07,33300,33550,33100,33400,143004,33200,33760,35687.5,36494.166666666664,HOLD,0,,,204320,31.38
2024-03-08,33800,33950,33100,33150,154718,33200,33785,35649.166666666664,36427.916666666664,HOLD,0,,,204320,31.38
2024-03-11,33050,33200,32750,32800,148989,33140,33785,35594.166666666664,36360.833333333336,HOLD,0,,,204320,31.38
2024-03-12,33000,33000,32600,32750,132302,33050,33720,35550,36296.666666666664,HOLD,0,,,204320,31.38
2024-03-13,32950,32950,32200,32250,243359,32870,33625,35492.5,36229.166666666664,HOLD,0,,,204320,31.38
2024-03-14,32300,33100,32150,33100,235481,32810,33565,35454.166666666664,36165.416666666664,HOLD,0,,,204320,31.38
2024-03-15,33300,33500,32800,33200,165217,32820,33560,35412.5,36103.75,HOLD,0,,,204320,31.38
2024-03-18,33400,33400,32850,32850,101725,32830,33487.5,35353.333333333336,36032.5,HOLD,0,,,204320,31.38
2024-03-19,32650,32950,32300,32300,143474,32740,33372.5,35288.333333333336,35962.5,HOLD,0,,,204320,31.38
2024-03-20,32450,32700,32150,32450,144503,32780,33267.5,35224.166666666664,35890.833333333336,HOLD,0,,,204320,31.38
2024-03-21,32900,33300,32800,32950,338244,32750,33197.5,35135.833333333336,35820.833333333336,HOLD,0,,,204320,31.38
2024-03-22,33000,33450,32800,32900,162585,32690,33095,35047.5,35755.833333333336,HOLD,0,,,204320,31.38
2024-03-25,33000,33300,32850,33000,118659,32720,33022.5,34962.5,35686.25,HOLD,0,,,204320,31.38
2024-03-26,33100,34050,33100,33700,288396,33000,33002.5,34879.166666666664,35615.833333333336,HOLD,0,,,204320,31.38
2024-03-27,33900,34700,33750,34300,322768,33370,33065,34823.333333333336,35559.166666666664,HOLD,0,,,204320,31.38
2024-03-28,34350,34450,33900,34100,155295,33600,33090,34735.833333333336,35493.333333333336,HOLD,0,,,204320,31.38
2024-03-29,34050,34050,33200,33300,181739,33680,33097.5,34622.5,35427.083333333336,HOLD,0,,,204320,31.38
2024-04-01,33500,34050,33300,34000,136880,33880,33142.5,34542.5,35370.833333333336,HOLD,0,,,204320,31.38
2024-04-02,33700,34000,33250,33350,151072,33810,33150,34461.666666666664,35306.666666666664,HOLD,0,,,204320,31.38
2024-04-03,33000,33350,32600,32800,187510,33510,33132.5,34381.666666666664,35241.666666666664,HOLD,0,,,204320,31.38
2024-04-04,33050,33250,32700,32950,155855,33280,33110,34300.833333333336,35189.583333333336,HOLD,0,,,204320,31.38
2024-04-05,32500,33300,32300,33300,159221,33280,33117.5,34228.333333333336,35130.416666666664,HOLD,0,,,204320,31.38
2024-04-08,33200,33650,33100,33400,194270,33160,33147.5,34150,35098.333333333336,HOLD,0,,,204320,31.38
2024-04-09,33600,33750,33250,33250,99541,33140,33172.5,34070.833333333336,35067.916666666664,HOLD,0,,,204320,31.38
2024-04-11,32600,33750,32600,33450,192200,33270,33232.5,33993.333333333336,35041.25,HOLD,0,,,204320,31.38
2024-04-12,33150,33700,32900,32900,150017,33260,33222.5,33903.333333333336,35007.916666666664,HOLD,0,,,204320,31.38
2024-04-15,32600,33050,31900,33050,226817,33210,33215,33837.5,34980,HOLD,0,,,204320,31.38
2024-04-16,32550,32850,32050,32700,136111,33070,33207.5,33799.166666666664,34954.583333333336,HOLD,0,,,204320,31.38
2024-04-17,32500,32800,32150,32150,141435,32850,33200,33764.166666666664,34922.083333333336,HOLD,0,,,204320,31.38
2024-04-18,32150,32400,31450,32350,206025,32630,33195,33731.666666666664,34883.333333333336,HOLD,0,,,204320,31.38
2024-04-19,31950,32050,31350,31650,148580,32380,33130,33693.333333333336,34846.25,HOLD,0,,,204320,31.38
2024-04-22,31950,33000,31950,32750,159438,32320,33122.5,33652.5,34821.666666666664,HOLD,0,,,204320,31.38
2024-04-23,32500,32850,32250,32850,112060,32350,33115,33617.5,34797.916666666664,HOLD,0,,,204320,31.38
2024-04-24,33000,33150,32500,32800,120809,32480,33070,33575,34788.333333333336,HOLD,0,,,204320,31.38
2024-04-25,32900,33450,32650,32650,251239,32540,32987.5,33527.5,34787.5,HOLD,0,,,204320,31.38
2024-04-26,32800,33000,32400,32600,113157,32730,32912.5,33479.166666666664,34786.666666666664,HOLD,0,,,204320,31.38
2024-04-29,33550,38350,33500,38350,3340279,33850,33165,33535,34827.083333333336,HOLD,0,,,204320,31.38
2024-04-30,39050,39950,38100,39400,1778533,35160,33435,33605,34876.25,HOLD,0,,,204320,31.38
2024-05-02,39400,40000,38550,39500,667292,36500,33742.5,33668.333333333336,34909.583333333336,HOLD,0,,,204320,31.38
2024-05-03,39150,40500,38800,39050,623057,37780,34055,33706.666666666664,34948.75,HOLD,0,,,204320,31.38
2024-05-07,39250,39400,38150,39000,407373,39060,34357.5,33742.5,34988.75,HOLD,0,,,204320,31.38
2024-05-08,38950,40050,38650,39800,531483,39350,34682.5,33861.666666666664,35035.833333333336,HOLD,0,,,204320,31.38
2024-05-09,39700,39800,38600,38700,329002,39210,34947.5,33960,35078.75,HOLD,0,,,204320,31.38
2024-05-10,39000,39200,37900,38250,261355,38960,35197.5,34030,35117.5,HOLD,0,,,204320,31.38
2024-05-13,38600,38700,38000,38350,212603,38820,35442.5,34100,35153.75,HOLD,0,,,204320,31.38
2024-05-14,38350,38700,37600,37600,288164,38540,35677.5,34155,35175.833333333336,HOLD,0,,,204320,31.38
2024-05-16,38100,38200,37250,37400,229277,38060,35895,34223.333333333336,35189.583333333336,HOLD,0,,,204320,31.38
2024-05-17,37400,37700,36250,36500,256700,37620,36085,34260,35196.666666666664,HOLD,0,,,204320,31.38
2024-05-20,36900,38350,36900,38000,375281,37570,36377.5,34316.666666666664,35214.583333333336,HOLD,0,,,204320,31.38
2024-05-21,37650,38250,37150,37750,194407,37450,36647.5,34370,35229.166666666664,HOLD,0,,,204320,31.38
2024-05-22,38250,39100,37350,38950,367144,37720,37012.5,34446.666666666664,35252.916666666664,SELL,18,38950,시장가,204320,31.38
2024-05-22,38250,39100,37350,38950,367144,37720,37012.5,34446.666666666664,35252.916666666664,SELL,18,38950,시장가,204320,31.38
2024-05-23,38800,39200,38050,39050,339370,38050,37327.5,34515,35275.833333333336,HOLD,0,,,204320,31.38
2024-05-24,38500,38550,37650,37800,227208,38310,37575,34570.833333333336,35287.5,HOLD,0,,,204320,31.38
2024-05-27,38150,43950,37650,43350,2770620,39380,38102.5,34725,35345.833333333336,HOLD,0,,,204320,31.38
2024-05-28,43050,43550,42250,43150,567874,40460,38627.5,34893.333333333336,35401.25,HOLD,0,,,204320,31.38
2024-05-29,42600,43100,41400,42050,398499,41080,39100,35034.166666666664,35448.333333333336,HOLD,0,,,204320,31.38
2024-05-30,41750,43750,41200,43400,787681,41950,39352.5,35205,35512.916666666664,HOLD,0,,,204320,31.38
2024-05-31,43850,45400,43000,43400,1048061,43070,39552.5,35376.666666666664,35582.083333333336,HOLD,0,,,204320,31.38
2024-06-03,43350,45750,43350,43850,576417,43170,39770,35554.166666666664,35653.75,HOLD,0,,,204320,31.38
2024-06-04,44150,45300,43100,44700,487562,43480,40052.5,35746.666666666664,35735.416666666664,SELL,18,44700,시장가,204320,31.38
2024-06-04,44150,45300,43100,44700,487562,43480,40052.5,35746.666666666664,35735.416666666664,SELL,18,44700,시장가,204320,31.38
2024-06-05,44900,50000,44800,49600,2065918,44990,40582.5,36016.666666666664,35852.083333333336,HOLD,0,,,204320,31.38
2024-06-07,49000,49500,47550,47550,730851,45820,40970,36256.666666666664,35952.916666666664,HOLD,0,,,204320,31.38
2024-06-10,47150,48100,46200,46750,445245,46490,41372.5,36489.166666666664,36041.666666666664,HOLD,0,,,204320,31.38
2024-06-11,47000,47800,45550,47100,515277,47140,41815,36728.333333333336,36139.166666666664,HOLD,0,,,204320,31.38
2024-06-12,47300,48900,47100,47500,461015,47700,42272.5,36982.5,36237.5,HOLD,0,,,204320,31.38
2024-06-13,47650,47800,43700,44000,1377307,46580,42592.5,37164.166666666664,36309.166666666664,HOLD,0,,,204320,31.38
2024-06-14,44200,44600,42450,43050,717693,45680,42875,37328.333333333336,36370.416666666664,HOLD,0,,,204320,31.38
2024-06-17,43050,45350,43050,45350,815955,45400,43317.5,37536.666666666664,36445,HOLD,0,,,204320,31.38
2024-06-18,46200,46500,44350,44350,709937,44850,43635,37737.5,36512.916666666664,HOLD,0,,,204320,31.38
2024-06-19,44900,46350,44350,45250,501511,44400,44010,37950.833333333336,36587.5,HOLD,0,,,204320,31.38
2024-06-20,45350,46600,44800,45600,389627,44720,44342.5,38161.666666666664,36648.75,HOLD,0,,,204320,31.38
2024-06-21,45700,45750,42300,42800,856217,44670,44530,38326.666666666664,36687.083333333336,HOLD,0,,,204320,31.38
2024-06-24,42700,44100,42050,43200,388584,44240,44800,38496.666666666664,36729.583333333336,HOLD,0,,,204320,31.38
2024-06-25,43800,45400,43750,44700,550513,44310,44867.5,38680,36779.583333333336,HOLD,0,,,204320,31.38
2024-06-26,46400,46400,45100,45600,504714,44380,44990,38868.333333333336,36845.833333333336,HOLD,0,,,204320,31.38
2024-06-27,45300,45500,44100,44100,334825,44080,45092.5,39035,36885.416666666664,HOLD,0,,,204320,31.38
2024-06-28,44200,45800,43900,43900,320794,44300,45117.5,39211.666666666664,36917.083333333336,HOLD,0,,,204320,31.38
2024-07-01,43900,45300,43350,44700,259983,44600,45182.5,39390,36966.25,HOLD,0,,,204320,31.38
2024-07-02,44200,44600,42350,43350,445821,44330,45157.5,39556.666666666664,37009.166666666664,HOLD,0,,,204320,31.38
2024-07-03,43750,45400,42950,43400,430873,43890,45092.5,39733.333333333336,37057.5,HOLD,0,,,204320,31.38
2024-07-04,43950,44150,43050,44100,198924,43890,44817.5,39919.166666666664,37110,HOLD,0,,,204320,31.38
2024-07-05,44300,44700,42450,42500,428587,43610,44565,40072.5,37150.416666666664,HOLD,0,,,204320,31.38
2024-07-08,42450,42450,40850,41950,342519,43060,44325,40215,37182.5,HOLD,0,,,204320,31.38
2024-07-09,41950,41950,40900,41800,397944,42750,44060,40357.5,37214.166666666664,HOLD,0,,,204320,31.38
2024-07-10,41900,43250,41650,42200,561174,42510,43795,40503.333333333336,37248.333333333336,HOLD,0,,,204320,31.38
2024-07-11,42300,42600,41850,42350,207322,42160,43712.5,40660.833333333336,37282.083333333336,HOLD,0,,,204320,31.38
2024-07-12,42350,42650,41150,41450,211594,41950,43632.5,40800.833333333336,37319.166666666664,BUY,18,41450,시장가,204320,31.38
2024-07-12,42350,42650,41150,41450,211594,41950,43632.5,40800.833333333336,37319.166666666664,BUY,18,41450,시장가,204320,31.38
2024-07-15,41850,41900,41150,41450,114831,41850,43437.5,40946.666666666664,37372.916666666664,HOLD,0,,,204320,31.38
2024-07-16,41450,42750,41200,42500,234122,41990,43345,41119.166666666664,37441.666666666664,HOLD,0,,,204320,31.38
2024-07-17,42500,43100,41600,41700,369657,41890,43167.5,41275,37503.333333333336,HOLD,0,,,204320,31.38
2024-07-18,41600,41600,39500,40200,436252,41460,42897.5,41417.5,37555.416666666664,HOLD,0,,,204320,31.38
2024-07-19,40000,41250,39450,41250,312691,41420,42820,41559.166666666664,37605.833333333336,HOLD,0,,,204320,31.38
2024-07-22,41050,41200,40150,40800,197435,41290,42700,41691.666666666664,37654.583333333336,HOLD,0,,,204320,31.38
2024-07-23,40900,42500,40900,41900,271637,41170,42560,41843.333333333336,37709.166666666664,HOLD,0,,,204320,31.38
2024-07-24,41500,41750,39950,40150,218604,40860,42287.5,41968.333333333336,37747.916666666664,HOLD,0,,,204320,31.38
2024-07-25,39750,39750,38500,39000,319018,40620,42032.5,42075,37777.083333333336,HOLD,0,,,204320,31.38
2024-07-26,39150,39900,38550,39450,194440,40260,41810,42093.333333333336,37814.166666666664,HOLD,0,,,204320,31.38
2024-07-29,39450,40350,39050,39850,169138,40070,41567.5,42100.833333333336,37852.916666666664,HOLD,0,,,204320,31.38
2024-07-30,39850,40150,38400,38400,227506,39370,41320,42082.5,37875.416666666664,HOLD,0,,,204320,31.38
2024-07-31,38650,39250,38450,39000,168368,39140,41100,42081.666666666664,37894.166666666664,HOLD,0,,,204320,31.38
2024-08-01,39000,39750,38700,38750,204930,39090,40832.5,42077.5,37910,HOLD,0,,,204320,31.38
2024-08-02,38100,38250,37300,37400,178354,38680,40577.5,42037.5,37949.583333333336,HOLD,0,,,204320,31.38
2024-08-05,36550,36750,31650,32600,348528,37230,40110,41935.833333333336,37947.916666666664,HOLD,0,,,204320,31.38
2024-08-06,32800,35400,32800,34400,317208,36430,39740,41871.666666666664,37950.833333333336,HOLD,0,,,204320,31.38
2024-08-07,33900,34850,33800,34700,205070,35570,39365,41810.833333333336,37955.416666666664,HOLD,0,,,204320,31.38
2024-08-08,34150,34750,33800,34550,206450,34730,38975,41760,37957.5,HOLD,0,,,204320,31.38
2024-08-09,35150,35900,34850,35600,171204,34370,38682.5,41730,37976.666666666664,HOLD,0,,,204320,31.38
2024-08-12,36100,36400,35350,35950,107655,35040,38407.5,41720.833333333336,37990.416666666664,BUY,18,35950,시장가,204320,31.38
2024-08-12,36100,36400,35350,35950,107655,35040,38407.5,41720.833333333336,37990.416666666664,BUY,18,35950,시장가,204320,31.38
2024-08-13,35350,36100,35250,35550,69074,35270,38060,41680,37998.333333333336,HOLD,0,,,204320,31.38
2024-08-14,36000,36100,35050,35550,105315,35440,37752.5,41643.333333333336,38006.666666666664,HOLD,0,,,204320,31.38
2024-08-16,36100,36250,35250,35400,216868,35610,37512.5,41584.166666666664,38015.416666666664,HOLD,0,,,204320,31.38
2024-08-19,35750,36200,35250,35600,140548,35610,37230,41526.666666666664,38020.833333333336,HOLD,0,,,204320,31.38
2024-08-20,35700,36050,35450,35800,122946,35580,36980,41493.333333333336,38032.083333333336,HOLD,0,,,204320,31.38
2024-08-21,35700,36050,35500,35600,116861,35590,36665,41364.166666666664,38044.583333333336,HOLD,0,,,204320,31.38
2024-08-22,36000,36300,35450,35550,171759,35590,36435,41237.5,38065.416666666664,HOLD,0,,,204320,31.38
2024-08-23,35550,35650,34900,35400,111710,35590,36255,41126.666666666664,38080.416666666664,HOLD,0,,,204320,31.38
2024-08-26,35600,36050,35000,35200,78433,35510,36042.5,40990,38097.5,HOLD,0,,,204320,31.38
2024-08-27,35400,35400,34300,34650,178748,35280,35782.5,40844.166666666664,38110.416666666664,HOLD,0,,,204320,31.38
2024-08-28,34450,34900,34100,34800,109529,35120,35602.5,40693.333333333336,38123.75,HOLD,0,,,204320,31.38
2024-08-29,34650,34900,34250,34550,139134,34920,35380,40524.166666666664,38135.416666666664,HOLD,0,,,204320,31.38
2024-08-30,34750,35150,33950,33950,227911,34630,35140,40263.333333333336,38140,HOLD,0,,,204320,31.38
2024-09-02,34300,34550,33600,33800,130867,34350,34960,40034.166666666664,38145.416666666664,HOLD,0,,,204320,31.38
2024-09-03,33650,33800,33100,33250,161475,34070,34992.5,39809.166666666664,38149.166666666664,HOLD,0,,,204320,31.38
2024-09-04,32500,32500,31550,31750,310790,33460,34860,39553.333333333336,38140.833333333336,HOLD,0,,,204320,31.38
2024-09-05,32000,32400,31700,32050,132350,32960,34727.5,39295.833333333336,38139.166666666664,HOLD,0,,,204320,31.38
2024-09-06,32050,32300,31600,32100,160127,32590,34605,39097.5,38130.833333333336,HOLD,0,,,204320,31.38
2024-09-09,31200,32250,30850,32050,166705,32240,34427.5,38914.166666666664,38121.25,HOLD,0,,,204320,31.38
2024-09-10,32000,32350,31600,31750,82086,31940,34217.5,38687.5,38112.083333333336,HOLD,0,,,204320,31.38
2024-09-11,31900,32000,30850,31100,196832,31810,33995,38466.666666666664,38102.083333333336,HOLD,0,,,204320,31.38
2024-09-12,31400,33000,31400,32950,335945,31990,33865,38261.666666666664,38106.25,HOLD,0,,,204320,31.38
2024-09-13,33700,34950,32850,33000,460927,32170,33745,38051.666666666664,38106.666666666664,HOLD,0,,,204320,31.38
2024-09-19,33300,33550,32500,33500,184869,32460,33640,37896.666666666664,38111.666666666664,HOLD,0,,,204320,31.38
2024-09-20,33500,33600,32500,32500,292664,32610,33475,37718.333333333336,38107.5,HOLD,0,,,204320,31.38
2024-09-23,32600,32950,32300,32650,130337,32920,33327.5,37517.5,38098.75,HOLD,0,,,204320,31.38
2024-09-24,32850,34500,32750,34500,297220,33230,33275,37332.5,38100.416666666664,HOLD,0,,,204320,31.38
2024-09-25,34800,37000,34600,35500,695117,33730,33280,37189.166666666664,38112.083333333336,HOLD,0,,,204320,31.38
2024-09-26,35450,36300,35050,36300,302495,34290,33335,37062.5,38137.083333333336,HOLD,0,,,204320,31.38
2024-09-27,36300,36850,35700,35800,177191,34950,33392.5,36914.166666666664,38152.083333333336,HOLD,0,,,204320,31.38
2024-09-30,36650,38150,36300,36800,454515,35780,33492.5,36805,38180.833333333336,HOLD,0,,,204320,31.38
2024-10-02,36400,37350,35500,36950,205184,36270,33612.5,36697.5,38215.416666666664,HOLD,0,,,204320,31.38
2024-10-04,36800,38300,36550,38100,339877,36790,33820,36597.5,38258.333333333336,HOLD,0,,,204320,31.38
2024-10-07,38300,39500,37650,38900,311218,37310,34075,36537.5,38305,HOLD,0,,,204320,31.38
2024-10-08,38500,38850,37350,37400,179202,37630,34282.5,36461.666666666664,38338.333333333336,HOLD,0,,,204320,31.38
2024-10-10,37100,38850,37050,38500,268150,37970,34620,36406.666666666664,38382.083333333336,HOLD,0,,,204320,31.38
2024-10-11,38500,39250,38050,38350,157691,38250,34935,36342.5,38422.916666666664,HOLD,0,,,204320,31.38
2024-10-14,38500,38900,37700,38150,137190,38260,35237.5,36272.5,38466.666666666664,HOLD,0,,,204320,31.38
2024-10-15,38000,39150,37500,39000,155930,38280,35585,36231.666666666664,38516.25,HOLD,0,,,204320,31.38
2024-10-16,38500,40000,38100,39000,289555,38600,35947.5,36190.833333333336,38568.75,HOLD,0,,,204320,31.38
2024-10-17,39050,39300,37900,38450,126718,38590,36315,36123.333333333336,38621.25,HOLD,0,,,204320,31.38
2024-10-18,38000,38500,36000,36200,254866,38160,36477.5,36031.666666666664,38653.333333333336,HOLD,0,,,204320,31.38
2024-10-21,36350,36850,35650,36350,123976,37800,36645,35967.5,38692.5,HOLD,0,,,204320,31.38
2024-10-22,35800,38100,35800,37300,288629,37460,36835,35901.666666666664,38730.416666666664,HOLD,0,,,204320,31.38
2024-10-23,37500,37500,35750,36650,218359,36990,37042.5,35832.5,38762.083333333336,HOLD,0,,,204320,31.38
2024-10-24,37100,39800,36750,39700,562407,37240,37395,35795.833333333336,38819.583333333336,HOLD,0,,,204320,31.38
2024-10-25,39850,40950,39200,40200,421150,38040,37680,35796.666666666664,38882.5,HOLD,0,,,204320,31.38
2024-10-28,38000,38700,36400,38350,640683,38440,37822.5,35785.833333333336,38930.416666666664,HOLD,0,,,204320,31.38
2024-10-29,38750,38800,35700,36000,377399,38180,37807.5,35728.333333333336,38910.833333333336,HOLD,0,,,204320,31.38
2024-10-30,36300,36600,35500,36250,154648,38100,37830,35668.333333333336,38884.583333333336,HOLD,0,,,204320,31.38
2024-10-31,36200,37150,35800,36350,237532,37430,37807.5,35634.166666666664,38858.333333333336,HOLD,0,,,204320,31.38
2024-11-01,36000,37550,35950,36900,170570,36770,37805,35599.166666666664,38840.416666666664,HOLD,0,,,204320,31.38
2024-11-04,36950,37300,36000,36150,160363,36330,37707.5,35555.833333333336,38816.666666666664,HOLD,0,,,204320,31.38
2024-11-05,36000,37300,36000,36100,208400,36350,37567.5,35534.166666666664,38785.833333333336,HOLD,0,,,204320,31.38
2024-11-06,36500,36500,35400,35950,158952,36290,37495,35590,38762.916666666664,HOLD,0,,,204320,31.38
2024-11-07,35600,37150,34500,35950,249304,36210,37367.5,35615.833333333336,38743.75,HOLD,0,,,204320,31.38
2024-11-08,37000,37150,36350,36500,100240,36130,37275,35645.833333333336,38728.333333333336,HOLD,0,,,204320,31.38
2024-11-11,36300,39750,36300,39550,379434,36810,37345,35729.166666666664,38744.583333333336,HOLD,0,,,204320,31.38
2024-11-12,39000,40300,38000,38000,397218,37190,37295,35769.166666666664,38749.583333333336,HOLD,0,,,204320,31.38
2024-11-13,38200,38300,36700,37200,197593,37440,37205,35790,38755.416666666664,HOLD,0,,,204320,31.38
2024-11-14,37200,37700,36850,37300,180885,37710,37147.5,35819.166666666664,38749.583333333336,HOLD,0,,,204320,31.38
2024-11-15,36750,37800,36700,36950,112753,37800,37185,35842.5,38742.916666666664,HOLD,0,,,204320,31.38
2024-11-18,36950,42450,36750,42050,923923,38300,37470,35953.333333333336,38768.75,HOLD,0,,,204320,31.38
2024-11-19,42050,42400,41000,41200,469532,38940,37665,36046.666666666664,38786.666666666664,HOLD,0,,,204320,31.38
2024-11-20,41200,42900,41050,42750,464328,40050,37970,36162.5,38827.916666666664,HOLD,0,,,204320,31.38
2024-11-21,43400,43400,40000,40000,418750,40590,37985,36235.833333333336,38800,SELL,18,40000,시장가,204320,31.38
2024-11-21,43400,43400,40000,40000,418750,40590,37985,36235.833333333336,38800,SELL,18,40000,시장가,204320,31.38
2024-11-22,40350,41450,40000,41400,213818,41480,38045,36333.333333333336,38785.416666666664,HOLD,0,,,204320,31.38
2024-11-25,41400,42300,40350,40950,333470,41260,38175,36425.833333333336,38776.25,HOLD,0,,,204320,31.38
2024-11-26,40600,41900,40450,41100,209960,41240,38430,36524.166666666664,38757.083333333336,HOLD,0,,,204320,31.38
2024-11-27,40700,40750,37300,37450,713990,40180,38490,36570.833333333336,38707.5,HOLD,0,,,204320,31.38
2024-11-28,37800,39200,37800,38200,360569,39820,38582.5,36627.5,38660.416666666664,HOLD,0,,,204320,31.38
2024-11-29,38450,38850,37900,38600,149969,39260,38667.5,36695,38609.583333333336,HOLD,0,,,204320,31.38
2024-12-02,39150,40300,38350,38650,205809,38800,38792.5,36773.333333333336,38518.333333333336,HOLD,0,,,204320,31.38
2024-12-03,39250,39500,38250,38850,144265,38350,38930,36857.5,38445.833333333336,HOLD,0,,,204320,31.38
2024-12-04,37950,38750,37200,38450,209713,38550,39055,36944.166666666664,38376.666666666664,HOLD,0,,,204320,31.38
2024-12-05,38700,39450,37500,37500,111169,38410,39132.5,37040,38296.666666666664,HOLD,0,,,204320,31.38
2024-12-06,37650,38250,36650,37950,150874,38280,39205,37138.333333333336,38217.083333333336,HOLD,0,,,204320,31.38
2024-12-09,37600,38750,36650,37750,303498,38100,39115,37232.5,38165,HOLD,0,,,204320,31.38
2024-12-10,38100,40250,38100,39450,275334,38220,39187.5,37355.833333333336,38135,HOLD,0,,,204320,31.38
2024-12-11,39450,42250,39250,41800,403084,38890,39417.5,37523.333333333336,38105.416666666664,HOLD,0,,,204320,31.38
2024-12-12,42150,43300,42150,42650,386174,39920,39685,37715.833333333336,38091.25,HOLD,0,,,204320,31.38
2024-12-13,42200,42800,41750,42550,153150,40840,39965,37875.833333333336,38068.75,HOLD,0,,,204320,31.38
2024-12-16,43000,43900,42550,42700,284744,41830,39997.5,38037.5,38044.583333333336,HOLD,0,,,204320,31.38
2024-12-17,43000,44250,42600,43400,195105,42620,40107.5,38202.5,38049.583333333336,HOLD,0,,,204320,31.38
2024-12-18,43500,43750,42650,43500,162086,42960,40145,38385.833333333336,38052.083333333336,HOLD,0,,,204320,31.38
2024-12-19,42350,43300,42050,42300,119389,42890,40260,38546.666666666664,38032.083333333336,HOLD,0,,,204320,31.38
2024-12-20,42100,42500,41550,41750,109147,42730,40277.5,38667.5,38000,HOLD,0,,,204320,31.38
2024-12-23,42100,42400,41200,42200,85963,42630,40340,38779.166666666664,37984.166666666664,HOLD,0,,,204320,31.38
2024-12-24,42250,42400,40850,41500,120742,42250,40360,38865.833333333336,37964.166666666664,HOLD,0,,,204320,31.38
2024-12-26,41700,42700,41200,42400,137868,42030,40607.5,38975.833333333336,37945,HOLD,0,,,204320,31.38
2024-12-27,42100,42500,40900,41000,54379,41770,40747.5,39045.833333333336,37925.416666666664,HOLD,0,,,204320,31.38
2024-12-30,40500,41100,40000,40650,92594,41550,40850,39107.5,37902.5,HOLD,0,,,204320,31.38
2025-01-02,40500,42800,39800,42200,223853,41550,41027.5,39175.833333333336,37886.666666666664,HOLD,0,,,204320,31.38
2025-01-03,42000,42350,40050,40400,269168,41330,41105,39200.833333333336,37869.166666666664,HOLD,0,,,204320,31.38
2025-01-06,40900,42650,40800,42500,282483,41350,41307.5,39285.833333333336,37873.75,HOLD,0,,,204320,31.38
2025-01-07,42900,43800,42500,42600,211488,41670,41562.5,39354.166666666664,37880.416666666664,HOLD,0,,,204320,31.38
2025-01-08,42000,43000,41850,42250,119367,41990,41777.5,39419.166666666664,37880.833333333336,HOLD,0,,,204320,31.38
2025-01-09,42400,43550,41150,41350,250469,41820,41957.5,39472.5,37872.5,HOLD,0,,,204320,31.38
2025-01-10,41350,42600,41100,41950,248135,42130,42082.5,39521.666666666664,37876.666666666664,HOLD,0,,,204320,31.38
2025-01-13,41950,42100,40850,41700,161201,41970,42077.5,39566.666666666664,37878.75,HOLD,0,,,204320,31.38
2025-01-14,41900,44950,41800,44850,557333,42420,42187.5,39673.333333333336,37898.333333333336,HOLD,0,,,204320,31.38
2025-01-15,45000,45300,44100,44850,296026,42940,42302.5,39817.5,37924.583333333336,HOLD,0,,,204320,31.38
2025-01-16,45250,45550,44350,44600,176978,43590,42397.5,39955,37961.25,HOLD,0,,,204320,31.38
2025-01-17,44250,45200,43750,45150,282274,44230,42485,40085.833333333336,37993.75,HOLD,0,,,204320,31.38
2025-01-20,45500,45500,43650,44000,136856,44690,42510,40208.333333333336,38020.416666666664,HOLD,0,,,204320,31.38
2025-01-21,44000,46100,44000,44850,236347,44690,42637.5,40294.166666666664,38045,HOLD,0,,,204320,31.38
2025-01-22,45150,45200,44000,44000,103361,44520,42750,40357.5,38077.083333333336,HOLD,0,,,204320,31.38
2025-01-23,43950,44000,42550,43000,165975,44200,42790,40435,38110.416666666664,HOLD,0,,,204320,31.38
2025-01-24,43000,43950,42700,43600,90440,43890,42895,40561.666666666664,38145,HOLD,0,,,204320,31.38
2025-01-31,44000,44650,43700,44500,227392,43990,43000,40699.166666666664,38183.75,HOLD,0,,,204320,31.38
2025-02-03,43000,44350,41000,41200,277895,43260,43010,40780,38207.083333333336,HOLD,0,,,204320,31.38
2025-02-04,41900,43300,41550,41850,160223,42830,43070,40862.5,38230.833333333336,HOLD,0,,,204320,31.38
2025-02-05,41950,42500,41750,42300,87882,42690,43075,40965,38260.416666666664,HOLD,0,,,204320,31.38
2025-02-06,42650,43100,40300,40700,295424,42110,43090,41041.666666666664,38287.916666666664,HOLD,0,,,204320,31.38
2025-02-07,41100,45700,41100,44350,823760,42080,43182.5,41181.666666666664,38385.833333333336,HOLD,0,,,204320,31.38
2025-02-10,44350,44800,43500,44000,258696,42640,43252.5,41315.833333333336,38465.833333333336,HOLD,0,,,204320,31.38
2025-02-11,43600,45200,43500,43900,206765,43050,43335,41439.166666666664,38542.5,HOLD,0,,,204320,31.38
2025-02-12,44100,45450,44050,45000,312421,43590,43517.5,41530,38629.583333333336,HOLD,0,,,204320,31.38
2025-02-13,45550,47000,45400,46650,485945,44780,43752.5,41674.166666666664,38721.666666666664,HOLD,0,,,204320,31.38
2025-02-14,46650,46800,45450,45900,213478,45090,43962.5,41819.166666666664,38804.583333333336,HOLD,0,,,204320,31.38
2025-02-17,45800,45850,44800,45850,137501,45460,44012.5,41961.666666666664,38890.416666666664,HOLD,0,,,204320,31.38
2025-02-18,45650,46300,45100,46100,193565,45900,44075,42114.166666666664,38978.333333333336,HOLD,0,,,204320,31.38
2025-02-19,46100,46950,45750,45900,216786,46080,44140,42178.333333333336,39065.833333333336,HOLD,0,,,204320,31.38
2025-02-20,45450,45650,44200,44500,232753,45650,44107.5,42233.333333333336,39140,HOLD,0,,,204320,31.38
2025-02-21,45100,45750,43650,44350,144374,45340,44125,42260,39211.25,HOLD,0,,,204320,31.38
2025-02-24,43650,44050,42900,43900,196177,44950,44077.5,42325,39280.416666666664,SELL,18,43900,시장가,204320,31.38
2025-02-25,43850,44100,43050,43250,223245,44380,44040,42355.833333333336,39344.583333333336,HOLD,0,,,204320,31.38
2025-02-26,43250,43850,43000,43750,228145,43950,44077.5,42402.5,39414.166666666664,HOLD,0,,,204320,31.38
2025-02-27,43700,44650,43150,43500,185970,43750,44072.5,42442.5,39483.333333333336,HOLD,0,,,204320,31.38
2025-02-28,42300,45450,42200,44150,402005,43710,44055,42554.166666666664,39562.5,HOLD,0,,,204320,31.38
2025-03-04,43500,43500,41450,41700,233068,43270,44080,42612.5,39620,HOLD,0,,,204320,31.38
2025-03-05,41700,42100,40300,41800,376007,42980,44077.5,42665.833333333336,39680.416666666664,HOLD,0,,,204320,31.38
2025-03-06,42450,44300,42450,44100,299875,43050,44167.5,42756.666666666664,39765,HOLD,0,,,204320,31.38
2025-03-07,43600,43600,41350,41900,306345,42730,44227.5,42807.5,39832.5,HOLD,0,,,204320,31.38
2025-03-10,41650,42350,40900,42250,165802,42350,44122.5,42870.833333333336,39907.5,HOLD,0,,,204320,31.38
2025-03-11,41050,42100,40900,42100,164590,42430,44027.5,42947.5,39993.75,HOLD,0,,,204320,31.38
2025-03-12,41800,42000,40700,41050,189669,42280,43885,42999.166666666664,40068.75,HOLD,0,,,204320,31.38
2025-03-13,41050,41800,40900,41500,280107,41760,43710,43061.666666666664,40147.083333333336,BUY,18,41500,시장가,204320,31.38
2025-03-14,41350,41450,40550,40850,146238,41550,43420,43085,40220.416666666664,HOLD,0,,,204320,31.38
2025-03-17,41100,41400,39550,40300,292677,41160,43140,43060,40291.666666666664,HOLD,0,,,204320,31.38
2025-03-18,40300,41650,40200,41650,269268,41070,42930,43043.333333333336,40379.583333333336,HOLD,0,,,204320,31.38
2025-03-19,41500,41825,40750,41300,136884,41120,42690,43022.5,40449.166666666664,HOLD,0,,,204320,31.38
2025-03-20,41800,42150,40800,41000,203166,41020,42445,42994.166666666664,40515.833333333336,HOLD,0,,,204320,31.38
2025-03-21,41000,41250,40250,40300,198436,40910,42235,42942.5,40572.5,BUY,18,40300,시장가,204320,31.38
2025-03-24,40200,42950,40200,42150,307326,41280,42125,42920,40652.916666666664,HOLD,0,,,204320,31.38
2025-03-25,44700,45600,43300,43700,454089,41690,42115,42943.333333333336,40745,HOLD,0,,,204320,31.38
2025-03-26,43750,44100,42500,42850,192602,42000,42095,42961.666666666664,40814.583333333336,HOLD,0,,,204320,31.38
2025-03-27,41400,41950,39500,39700,490642,41740,41892.5,42920,40849.583333333336,HOLD,0,,,204320,31.38
2025-03-28,39150,40000,38450,40000,197629,41680,41717.5,42895,40880.416666666664,HOLD,0,,,204320,31.38
2025-03-31,38800,39000,37950,38600,157243,40970,41440,42831.666666666664,40903.75,HOLD,0,,,204320,31.38
2025-04-01,38400,40200,37100,37950,411879,39820,41252.5,42780.833333333336,40913.333333333336,HOLD,0,,,204320,31.38
2025-04-02,37950,38950,37600,38300,131412,38910,41077.5,42741.666666666664,40924.583333333336,HOLD,0,,,204320,31.38
2025-04-03,37100,37850,36600,37850,207710,38540,40765,42669.166666666664,40922.5,HOLD,0,,,204320,31.38
2025-04-04,37400,37500,36150,36850,158224,37910,40512.5,42610,40905.416666666664,HOLD,0,,,204320,31.38
2025-04-07,35600,35700,34200,34300,132329,37050,40115,42473.333333333336,40879.583333333336,HOLD,0,,,204320,31.38
2025-04-08,34750,35200,33500,33900,224335,36240,39705,42328.333333333336,40841.25,HOLD,0,,,204320,31.38
2025-04-09,33000,33450,32500,33150,207190,35210,39310,42176.666666666664,40797.916666666664,HOLD,0,,,204320,31.38
2025-04-10,34900,35150,34100,35050,198280,34650,38987.5,42071.666666666664,40772.083333333336,HOLD,0,,,204320,31.38
2025-04-11,34250,34900,33300,34900,207337,34260,38690,41954.166666666664,40737.916666666664,HOLD,0,,,204320,31.38
2025-04-14,34900,35350,34500,35300,97602,34460,38440,41847.5,40707.083333333336,HOLD,0,,,204320,31.38
2025-04-15,37250,37500,36250,37500,252186,35180,38232.5,41725,40699.166666666664,HOLD,0,,,204320,31.38
2025-04-16,37200,37350,35500,35600,141555,35670,37947.5,41570.833333333336,40694.166666666664,BUY,18,35600,시장가,204320,31.38
2025-04-16,37200,37350,35500,35600,141555,35670,37947.5,41570.833333333336,40694.166666666664,BUY,18,35600,시장가,204320,31.38
2025-04-17,35600,36050,35100,35850,133386,35830,37690,41425,40690,HOLD,0,,,204320,31.38
2025-04-18,35800,36100,35350,35950,97799,36040,37472.5,41271.666666666664,40678.75,HOLD,0,,,204320,31.38
2025-04-21,36000,36050,35000,35400,125306,36060,37135,41128.333333333336,40668.333333333336,HOLD,0,,,204320,31.38
2025-04-22,34900,35250,34900,35000,60296,35560,36700,40964.166666666664,40629.166666666664,HOLD,0,,,204320,31.38
2025-04-23,35800,36900,35250,36550,192835,35750,36385,40840,40598.75,HOLD,0,,,204320,31.38
2025-04-24,37900,37950,36600,36850,180197,35950,36242.5,40737.5,40586.25,HOLD,0,,,204320,31.38
2025-04-25,37200,37450,36950,37050,140578,36170,36095,40628.333333333336,40595,HOLD,0,,,204320,31.38
2025-04-28,37600,38300,37300,37500,163402,36590,36040,40511.666666666664,40605.416666666664,HOLD,0,,,204320,31.38
2025-04-29,38250,38500,37300,37400,179063,37070,36012.5,40448.333333333336,40614.166666666664,HOLD,0,,,204320,31.38
2025-04-30,37450,37700,36950,37250,124283,37210,35960,40371.666666666664,40617.083333333336,HOLD,0,,,204320,31.38
2025-05-02,36900,37700,36650,37450,119603,37330,35940,40290.833333333336,40627.916666666664,HOLD,0,,,204320,31.38
2025-05-07,37550,37700,36450,36750,156099,37270,35935,40225,40633.333333333336,HOLD,0,,,204320,31.38
2025-05-08,36250,37000,36250,36350,180658,37040,36037.5,40091.666666666664,40636.666666666664,HOLD,0,,,204320,31.38
2025-05-09,36650,37100,36100,36350,179404,36830,36160,39964.166666666664,40640,HOLD,0,,,204320,31.38
2025-05-12,36400,37300,36400,37300,213253,36840,36367.5,39854.166666666664,40646.666666666664,HOLD,0,,,204320,31.38
2025-05-13,36950,37850,36900,37450,110611,36840,36487.5,39728.333333333336,40629.166666666664,HOLD,0,,,204320,31.38
2025-05-14,37450,37600,36800,37250,112010,36940,36605,39571.666666666664,40622.916666666664,HOLD,0,,,204320,31.38
2025-05-15,36800,36850,36400,36450,152652,36960,36662.5,39414.166666666664,40616.666666666664,HOLD,0,,,204320,31.38
2025-05-16,36700,36700,35850,36100,167163,36910,36592.5,39251.666666666664,40606.666666666664,HOLD,0,,,204320,31.38
2025-05-19,35900,35950,34850,35100,273658,36470,36567.5,39068.333333333336,40591.25,HOLD,0,,,204320,31.38
2025-05-20,35350,35450,33950,34250,230500,35830,36487.5,38874.166666666664,40526.25,HOLD,0,,,204320,31.38
2025-05-21,34300,34400,34000,34100,136523,35200,36395,38700.833333333336,40467.083333333336,HOLD,0,,,204320,31.38
2025-05-22,34000,34100,33050,33250,249981,34560,36287.5,38515.833333333336,40387.916666666664,HOLD,0,,,204320,31.38
2025-05-23,33300,33700,33150,33250,133148,33990,36200,38338.333333333336,40331.666666666664,HOLD,0,,,204320,31.38
2025-05-26,32850,33500,32850,33500,165887,33670,36047.5,38175.833333333336,40265.833333333336,HOLD,0,,,204320,31.38
2025-05-27,33200,33350,32900,33200,128634,33460,35865,38000,40201.25,HOLD,0,,,204320,31.38
2025-05-28,33300,34450,33100,34050,193296,33450,35715,37842.5,40142.5,HOLD,0,,,204320,31.38
2025-05-29,34500,35000,34100,34500,197850,33700,35565,37681.666666666664,40117.916666666664,HOLD,0,,,204320,31.38
2025-05-30,34200,34300,33550,33700,145359,33790,35380,37548.333333333336,40080.416666666664,HOLD,0,,,204320,31.38
2025-06-02,33400,33600,33000,33350,127984,33760,35185,37407.5,40036.666666666664,HOLD,0,,,204320,31.38
2025-06-04,33550,34100,33450,33550,328612,33830,34990,37231.666666666664,39994.166666666664,HOLD,0,,,204320,31.38
2025-06-05,33550,34400,33550,33900,258305,33800,34847.5,37098.333333333336,39952.916666666664,HOLD,0,,,204320,31.38
2025-06-09,34250,34950,34100,34150,275943,33730,34737.5,36963.333333333336,39917.083333333336,HOLD,0,,,204320,31.38
2025-06-10,34400,34550,33900,34150,249861,33820,34627.5,36830.833333333336,39889.166666666664,HOLD,0,,,204320,31.38
2025-06-11,34250,34850,34150,34650,311170,34080,34495,36724.166666666664,39861.666666666664,HOLD,0,,,204320,31.38
2025-06-12,34800,35050,34500,34800,336369,34330,34362.5,36612.5,39837.083333333336,HOLD,0,,,204320,31.38
2025-06-13,34500,34500,32500,33100,737645,34170,34155,36483.333333333336,39784.166666666664,HOLD,0,,,204320,31.38
2025-06-16,32600,33100,32100,33050,335372,33950,33985,36362.5,39711.25,HOLD,0,,,204320,31.38
2025-06-17,33150,33800,32900,33550,367779,33830,33857.5,36227.5,39635.416666666664,HOLD,0,,,204320,31.38
2025-06-18,33100,33500,32500,33350,510115,33570,33770,36095,39558.75,HOLD,0,,,204320,31.38
2025-06-19,33500,33850,33100,33550,301796,33320,33735,35970.833333333336,39482.5,HOLD,0,,,204320,31.38
2025-06-20,33450,33700,33150,33650,339534,33430,33712.5,35860,39401.25,HOLD,0,,,204320,31.38
2025-06-23,33100,33100,32300,32650,389997,33350,33682.5,35701.666666666664,39310.833333333336,HOLD,0,,,204320,31.38
2025-06-24,33300,33950,33250,33750,347582,33390,33707.5,35535.833333333336,39239.583333333336,HOLD,0,,,204320,31.38
2025-06-25,34050,34700,33500,33900,524300,33500,33727.5,35386.666666666664,39174.166666666664,HOLD,0,,,204320,31.38
2025-06-26,34000,34000,33100,33700,335890,33530,33752.5,35286.666666666664,39103.333333333336,HOLD,0,,,204320,31.38
2025-06-27,33600,33600,32500,32650,422790,33330,33682.5,35164.166666666664,39029.583333333336,HOLD,0,,,204320,31.38
2025-06-30,32850,32950,32400,32850,228485,33370,33600,35068.333333333336,38950,HOLD,0,,,204320,31.38
2025-07-01,32750,33900,32750,33700,421984,33360,33600,34997.5,38889.166666666664,HOLD,0,,,204320,31.38
2025-07-02,33900,34050,33300,33900,418703,33360,33627.5,34924.166666666664,38832.916666666664,HOLD,0,,,204320,31.38
2025-07-03,34050,34900,33650,34900,611459,33600,33695,34875,38772.083333333336,HOLD,0,,,204320,31.38
2025-07-04,34850,34850,33950,33950,215064,33860,33697.5,34826.666666666664,38718.333333333336,HOLD,0,,,204320,31.38
2025-07-07,34050,34050,33400,33650,114471,34020,33672.5,34815.833333333336,38644.583333333336,HOLD,0,,,204320,31.38
2025-07-08,33250,34200,32900,34200,278706,34120,33675,34820.833333333336,38574.583333333336,HOLD,0,,,204320,31.38
2025-07-09,34100,34350,33650,34350,208900,34210,33660,34840.833333333336,38508.75,HOLD,0,,,204320,31.38
2025-07-10,34450,35700,34100,35350,625133,34300,33687.5,34845.833333333336,38458.75,HOLD,0,,,204320,31.38
2025-07-11,35550,35900,35250,35250,251875,34560,33795,34851.666666666664,38402.916666666664,HOLD,0,,,204320,31.38
2025-07-14,35200,36200,34900,35600,254608,34950,33922.5,34856.666666666664,38352.083333333336,HOLD,0,,,204320,31.38
2025-07-15,35350,35500,34800,35150,185810,35140,34002.5,34817.5,38271.25,HOLD,0,,,204320,31.38
2025-07-16,35100,35300,34550,34600,152668,35190,34065,34800.833333333336,38185.833333333336,HOLD,0,,,204320,31.38
2025-07-17,34850,34950,33950,34750,225666,35070,34125,34782.5,38103.75,HOLD,0,,,204320,31.38
2025-07-18,34850,35200,34650,35000,159054,35020,34192.5,34766.666666666664,38019.166666666664,HOLD,0,,,204320,31.38
2025-07-21,35050,35200,34800,34900,99762,34880,34305,34758.333333333336,37943.333333333336,HOLD,0,,,204320,31.38
2025-07-22,34900,35150,34100,34350,221345,34720,34335,34747.5,37855.833333333336,HOLD,0,,,204320,31.38
2025-07-23,35000,37350,35000,36950,1163216,35190,34487.5,34754.166666666664,37797.083333333336,HOLD,0,,,204320,31.38
2025-07-24,36600,37050,35950,36050,378405,35450,34605,34740.833333333336,37739.166666666664,HOLD,0,,,204320,31.38
2025-07-25,35800,36200,35550,35750,184460,35600,34760,34719.166666666664,37673.75,HOLD,0,,,204320,31.38
2025-07-28,36100,36350,35300,35700,219248,35760,34902.5,34689.166666666664,37600.416666666664,HOLD,0,,,204320,31.38
2025-07-29,35400,35800,34800,35750,326414,36040,35005,34661.666666666664,37555,HOLD,0,,,204320,31.38
2025-07-30,35700,36850,35600,36350,384868,35920,35127.5,34646.666666666664,37509.166666666664,HOLD,0,,,204320,31.38
2025-07-31,37300,37350,34350,34800,975952,35670,35122.5,34602.5,37446.666666666664,HOLD,0,,,204320,31.38
2025-08-01,34250,34450,33350,33800,451297,35280,35115,34553.333333333336,37389.166666666664,HOLD,0,,,204320,31.38
2025-08-04,33500,34300,33250,34050,198566,34950,35135,34515,37303.333333333336,HOLD,0,,,204320,31.38
2025-08-05,34350,34650,34000,34650,214399,34730,35157.5,34486.666666666664,37225.416666666664,HOLD,0,,,204320,31.38
2025-08-06,34250,34600,34200,34400,180348,34340,35160,34438.333333333336,37146.25,HOLD,0,,,204320,31.38
2025-08-07,34600,34800,34350,34700,270274,34320,35127.5,34392.5,37060.416666666664,HOLD,0,,,204320,31.38
2025-08-08,34650,34750,34350,34500,179656,34460,35090,34346.666666666664,36959.166666666664,HOLD,0,,,204320,31.38
2025-08-11,34750,34900,34350,34700,140077,34590,35045,34317.5,36865.833333333336,HOLD,0,,,204320,31.38
2025-08-12,34500,35100,34400,34500,119434,34560,35012.5,34290.833333333336,36771.25,HOLD,0,,,204320,31.38
2025-08-13,34750,35300,34600,34900,189975,34660,35027.5,34287.5,36677.916666666664,HOLD,0,,,204320,31.38
2025-08-14,34900,35450,34750,34900,242381,34700,35035,34298.333333333336,36586.25,HOLD,0,,,204320,31.38
2025-08-18,34600,34850,34300,34450,106223,34690,35007.5,34304.166666666664,36502.5,HOLD,0,,,204320,31.38
2025-08-19,34600,35050,34100,35000,153624,34750,35012.5,34333.333333333336,36424.583333333336,HOLD,0,,,204320,31.38
2025-08-20,34800,35100,34450,34750,135104,34800,35032.5,34358.333333333336,36348.333333333336,HOLD,0,,,204320,31.38
2025-08-21,34850,35500,34750,35350,216215,34890,34952.5,34389.166666666664,36282.5,HOLD,0,,,204320,31.38
2025-08-22,35550,36100,35250,35300,196481,34970,34915,34424.166666666664,36212.083333333336,HOLD,0,,,204320,31.38
2025-08-25,35600,35850,34900,35800,137779,35240,34917.5,34453.333333333336,36147.916666666664,HOLD,0,,,204320,31.38
2025-08-26,35650,35950,35350,35500,116035,35340,34907.5,34470,36075.833333333336,HOLD,0,,,204320,31.38
2025-08-27,35550,35800,35250,35750,92695,35540,34907.5,34504.166666666664,36026.25,HOLD,0,,,204320,31.38
2025-08-28,35550,36350,35550,36000,152222,35670,34890,34548.333333333336,35977.916666666664,HOLD,0,,,204320,31.38
2025-08-29,36000,36400,35500,35700,94039,35750,34935,34584.166666666664,35907.916666666664,HOLD,0,,,204320,31.38
2025-09-01,35550,35900,35300,35650,83688,35720,35027.5,34613.333333333336,35855.833333333336,HOLD,0,,,204320,31.38
2025-09-02,35650,35650,34900,35200,124868,35660,35085,34630.833333333336,35797.083333333336,HOLD,0,,,204320,31.38
2025-09-03,34950,35800,34950,35500,90818,35610,35127.5,34653.333333333336,35742.083333333336,HOLD,0,,,204320,31.38
2025-09-04,35350,35850,35350,35800,78421,35570,35197.5,34672.5,35698.333333333336,HOLD,0,,,204320,31.38
2025-09-05,35800,35900,34950,35250,134296,35480,35225,34680,35646.25,HOLD,0,,,204320,31.38
2025-09-08,35000,35000,33850,34200,428361,35190,35210,34698.333333333336,35590.833333333336,HOLD,0,,,204320,31.38
2025-09-09,34500,34750,34200,34550,125291,35060,35202.5,34723.333333333336,35542.916666666664,HOLD,0,,,204320,31.38
2025-09-10,34500,35400,34400,35100,159560,34980,35232.5,34749.166666666664,35488.333333333336,HOLD,0,,,204320,31.38
2025-09-11,35300,35850,35000,35850,291051,34990,35280,34790.833333333336,35442.916666666664,HOLD,0,,,204320,31.38
2025-09-12,35850,35900,35150,35350,263753,35010,35302.5,34820.833333333336,35395.833333333336,HOLD,0,,,204320,31.38
2025-09-15,35150,35250,34300,34700,185429,35110,35315,34838.333333333336,35349.166666666664,HOLD,0,,,204320,31.38
2025-09-16,34750,35050,34500,34850,135009,35170,35307.5,34875,35288.333333333336,HOLD,0,,,204320,31.38
2025-09-17,34850,35100,34550,35100,112273,35170,35325,34897.5,35216.666666666664,HOLD,0,,,204320,31.38
2025-09-18,35100,35650,34700,35300,170793,35060,35322.5,34920.833333333336,35153.75,HOLD,0,,,204320,31.38
2025-09-22,35550,35650,35000,35050,130381,35000,35310,34943.333333333336,35115,HOLD,0,,,204320,31.38
2025-09-23,35200,35600,35050,35250,124319,35110,35282.5,34986.666666666664,35075.416666666664,HOLD,0,,,204320,31.38
2025-09-24,35200,35200,34600,34700,89305,35080,35242.5,35017.5,35042.916666666664,HOLD,0,,,204320,31.38
2025-09-25,34700,34900,34500,34750,72128,35010,35192.5,35035,35016.25,HOLD,0,,,204320,31.38
2025-09-26,34500,34550,33650,33950,168783,34740,35090,35035.833333333336,34980,HOLD,0,,,204320,31.38
2025-09-29,34250,34250,33650,33800,101713,34490,34995,35017.5,34946.25,HOLD,0,,,204320,31.38
2025-09-30,33650,33950,33500,33600,83343,34160,34892.5,35011.666666666664,34919.166666666664,HOLD,0,,,204320,31.38
2025-10-01,33400,33900,33400,33550,69528,33930,34810,35010,34912.916666666664,HOLD,0,,,204320,31.38
2025-10-02,33650,34150,33600,33950,167733,33770,34732.5,35005.833333333336,34913.333333333336,HOLD,0,,,204320,31.38
2025-10-10,33600,33600,32800,32850,242379,33550,34585,34980.833333333336,34910.833333333336,HOLD,0,,,204320,31.38
2025-10-13,32800,33050,32150,32850,118375,33360,34465,34939.166666666664,34892.5,HOLD,0,,,204320,31.38
2025-10-14,32650,33500,32650,32850,154998,33210,34397.5,34899.166666666664,34875.416666666664,HOLD,0,,,204320,31.38
2025-10-15,32950,33150,32800,33100,104070,33120,34325,34857.5,34857.083333333336,HOLD,0,,,204320,31.38
2025-10-16,34200,35100,33950,34150,402377,33160,34277.5,34840.833333333336,34829.166666666664,HOLD,0,,,204320,31.38
2025-10-17,34100,35750,33950,35400,488050,33670,34255,34854.166666666664,34827.5,HOLD,0,,,204320,31.38
2025-10-20,36150,36500,35150,36400,328928,34380,34307.5,34881.666666666664,34832.083333333336,HOLD,0,,,204320,31.38
2025-10-21,36800,38200,36650,36900,638568,35190,34417.5,34913.333333333336,34840,HOLD,0,,,204320,31.38
2025-10-22,37550,37650,36400,37600,277318,36090,34555,34958.333333333336,34858.333333333336,HOLD,0,,,204320,31.38
2025-10-23,36600,37150,36100,36150,205705,36490,34607.5,34988.333333333336,34867.916666666664,HOLD,0,,,204320,31.38
2025-10-24,36350,36950,36150,36650,219295,36740,34675,34983.333333333336,34868.75,HOLD,0,,,204320,31.38
2025-10-27,36800,37350,36500,37200,195368,36900,34782.5,35002.5,34871.666666666664,HOLD,0,,,204320,31.38
2025-10-28,37000,37000,36450,36650,182041,36850,34852.5,35017.5,34868.333333333336,HOLD,0,,,204320,31.38
2025-10-29,37100,37350,36500,37150,152271,36760,34975,35041.666666666664,34865.416666666664,HOLD,0,,,204320,31.38
2025-10-30,39800,39850,36400,36450,520450,36820,35060,35053.333333333336,34857.5,HOLD,0,,,204320,31.38
2025-10-31,37200,38850,37100,38550,469307,37200,35290,35090,34868.333333333336,HOLD,0,,,204320,31.38
2025-11-03,39450,39500,38000,38150,254415,37390,35507.5,35145.833333333336,34874.166666666664,HOLD,0,,,204320,31.38
2025-11-04,37650,37900,37050,37350,248103,37530,35695,35205,34879.166666666664,HOLD,0,,,204320,31.38
2025-11-05,37100,37100,35400,36150,351136,37330,35825,35240,34877.5,HOLD,0,,,204320,31.38
2025-11-06,36500,37600,36000,37300,228965,37500,35992.5,35284.166666666664,34885.416666666664,HOLD,0,,,204320,31.38
2025-11-07,36700,36800,35400,36100,190484,37010,36155,35312.5,34875.416666666664,HOLD,0,,,204320,31.38
2025-11-10,36450,37250,36200,37150,131979,36810,36370,35353.333333333336,34872.916666666664,HOLD,0,,,204320,31.38
2025-11-11,37000,37500,36650,37450,209173,36830,36600,35402.5,34874.583333333336,HOLD,0,,,204320,31.38
2025-11-12,37300,37550,36950,37400,144449,37080,36815,35447.5,34882.5,HOLD,0,,,204320,31.38
2025-11-13,37750,38450,37450,38000,286148,37220,37007.5,35505.833333333336,34898.333333333336,HOLD,0,,,204320,31.38
2025-11-14,37200,37650,36850,36900,119520,37380,37082.5,35539.166666666664,34913.333333333336,HOLD,0,,,204320,31.38
2025-11-17,37350,37600,36700,36950,115777,37340,37110,35573.333333333336,34935.833333333336,HOLD,0,,,204320,31.38
2025-11-18,36700,36850,35800,35850,170003,37020,37057.5,35596.666666666664,34950.416666666664,HOLD,0,,,204320,31.38
2025-11-19,36300,39200,36150,38900,898701,37320,37122.5,35661.666666666664,34997.5,HOLD,0,,,204320,31.38
2025-11-20,38900,41700,38550,39600,577835,37640,37295,35742.5,35050.416666666664,HOLD,0,,,204320,31.38
2025-11-21,38800,40500,38450,39350,381998,38130,37430,35809.166666666664,35099.166666666664,HOLD,0,,,204320,31.38
2025-11-24,40150,42150,39700,41400,939310,39020,37640,35910.833333333336,35167.5,HOLD,0,,,204320,31.38
2025-11-25,42150,42700,41350,41400,426152,40130,37877.5,36004.166666666664,35228.75,SELL,18,41400,시장가,204320,31.38
2025-11-25,42150,42700,41350,41400,426152,40130,37877.5,36004.166666666664,35228.75,SELL,18,41400,시장가,204320,31.38
2025-11-26,42200,42500,41050,42350,369065,40820,38137.5,36118.333333333336,35294.166666666664,HOLD,0,,,204320,31.38
2025-11-27,42900,43200,42300,43100,252684,41520,38470,36240.833333333336,35372.5,HOLD,0,,,204320,31.38
2025-11-28,45150,47800,44100,46600,1219545,42970,38872.5,36417.5,35482.916666666664,HOLD,0,,,204320,31.38
2025-12-01,49500,53400,48800,51200,2133921,44930,39525,36675.833333333336,35630,HOLD,0,,,204320,31.38
2025-12-02,53200,55500,50200,50800,1606990,46810,40197.5,36928.333333333336,35770.833333333336,HOLD,0,,,204320,31.38
2025-12-03,52100,54100,51300,52200,1186343,48780,41000,37211.666666666664,35921.25,HOLD,0,,,204320,31.38
2025-12-04,55500,58000,53400,54100,2488230,50980,41840,37521.666666666664,36087.5,HOLD,0,,,204320,31.38
2025-12-05,55800,61100,54300,59200,2693038,53500,42995,37911.666666666664,36292.083333333336,HOLD,0,,,204320,31.38
2025-12-08,61000,61100,57200,59100,1381170,55080,44092.5,38309.166666666664,36494.583333333336,HOLD,0,,,204320,31.38
2025-12-09,56900,57500,54200,54700,1741971,55860,44955,38650.833333333336,36674.583333333336,HOLD,0,,,204320,31.38
2025-12-10,55900,56000,54300,55000,856459,56420,45835,38991.666666666664,36857.5,HOLD,0,,,204320,31.38
2025-12-11,55200,55400,50700,52200,2842689,56040,46545,39276.666666666664,37012.916666666664,SELL,18,52200,시장가,204320,31.38
2025-12-11,55200,55400,50700,52200,2842689,56040,46545,39276.666666666664,37012.916666666664,SELL,18,52200,시장가,204320,31.38
2025-12-12,53600,53600,51500,52700,1337058,54740,47335,39557.5,37174.166666666664,HOLD,0,,,204320,31.38
2025-12-15,51800,53800,51200,52400,969330,53400,48107.5,39841.666666666664,37331.25,HOLD,0,,,204320,31.38
2025-12-16,54500,55600,51500,52200,2293208,52900,48925,40133.333333333336,37485.833333333336,HOLD,0,,,204320,31.38
2025-12-17,53100,56700,52400,53700,2280265,52640,49665,40447.5,37661.25,HOLD,0,,,204320,31.38
2025-12-18,52000,53600,51100,51300,1107011,52460,50250,40717.5,37807.5,HOLD,0,,,204320,31.38
2025-12-19,52400,56300,50500,54500,1971656,52820,51007.5,41037.5,37979.166666666664,HOLD,0,,,204320,31.38
2025-12-22,54900,56500,53000,55600,1406200,53460,51717.5,41380,38161.666666666664,HOLD,0,,,204320,31.38
2025-12-23,56500,57400,53100,53400,1226216,53700,52317.5,41682.5,38334.583333333336,HOLD,0,,,204320,31.38
2025-12-24,54200,55700,53400,54300,928227,53820,52915,42009.166666666664,38513.333333333336,HOLD,0,,,204320,31.38
2025-12-26,54900,55100,53100,53900,779574,54340,53455,42328.333333333336,38681.666666666664,HOLD,0,,,204320,31.38
2025-12-29,53900,56700,52900,56200,1226189,54680,53935,42699.166666666664,38867.5,HOLD,0,,,204320,31.38
2025-12-30,58400,59800,56200,58700,2381241,55300,54310,43114.166666666664,39065.833333333336,HOLD,0,,,204320,31.38
2026-01-02,59400,67900,58100,65400,3967292,57700,55040,43644.166666666664,39327.916666666664,HOLD,0,,,204320,31.38
2026-01-05,64100,64100,59900,60700,2484806,58980,55465,44096.666666666664,39553.333333333336,HOLD,0,,,204320,31.38
2026-01-06,62100,64900,55900,56200,4059593,59440,55570,44467.5,39736.666666666664,HOLD,0,,,204320,31.38
2026-01-07,57200,60200,56200,58400,3210523,59880,55530,44893.333333333336,39937.083333333336,HOLD,0,,,204320,31.38
2026-01-08,60700,60800,56000,56700,1863130,59480,55410,45290.833333333336,40115,HOLD,0,,,204320,31.38
2026-01-09,57600,57800,55800,56900,1332071,57780,55520,45691.666666666664,40295.416666666664,HOLD,0,,,204320,31.38
2026-01-12,57500,57800,55200,56200,1215180,56880,55580,46076.666666666664,40467.083333333336,HOLD,0,,,204320,31.38
2026-01-13,57400,63100,57200,60400,4078530,57720,55990,46514.166666666664,40677.5,HOLD,0,,,204320,31.38
2026-01-14,62200,65400,59200,62100,3028052,58460,56460,46959.166666666664,40906.666666666664,HOLD,0,,,204320,31.38
2026-01-15,60800,63200,59700,62500,1715983,59620,56965,47394.166666666664,41137.916666666664,HOLD,0,,,204320,31.38
2026-01-16,64100,68300,62000,64200,4165500,61080,57565,47849.166666666664,41381.25,HOLD,0,,,204320,31.38
2026-01-19,65600,68500,64000,67400,2948221,63320,58250,48345.833333333336,41652.083333333336,SELL,46,67400,시장가,204320,31.38
2026-01-20,68800,68800,62200,63600,2345285,63960,58865,48803.333333333336,41895.833333333336,HOLD,0,,,204320,31.38
2026-01-21,61600,75800,61400,71400,6796873,65820,59710,49382.5,42182.916666666664,HOLD,0,,,204320,31.38
2026-01-22,74000,75000,66900,67900,2934852,66900,60325,49894.166666666664,42448.333333333336,HOLD,0,,,204320,31.38
2026-01-23,66900,68200,64800,65500,1644337,67160,60930,50375,42696.25,HOLD,0,,,204320,31.38
2026-01-26,64000,65800,63200,64500,1141498,66580,61440,50830.833333333336,42936.25,HOLD,0,,,204320,31.38
2026-01-27,62900,65300,62000,64600,1083722,66780,61975,51300,43176.666666666664,HOLD,0,,,204320,31.38
2026-01-28,66300,66400,64000,64300,936718,65360,62380,51729.166666666664,43409.583333333336,HOLD,0,,,204320,31.38
2026-01-29,65300,67000,64000,65700,1545214,64920,62730,52188.333333333336,43667.083333333336,HOLD,0,,,204320,31.38
2026-01-30,64800,64900,63300,63800,757744,64580,62650,52629.166666666664,43917.083333333336,HOLD,0,,,204320,31.38
2026-02-02,61800,64200,60300,61400,672677,63960,62685,53050,44145,HOLD,0,,,204320,31.38
2026-02-03,62700,63000,60000,62900,1049183,63620,63020,53476.666666666664,44380.416666666664,HOLD,0,,,204320,31.38
2026-02-04,63200,64500,61900,63300,562307,63420,63265,53930,44621.25,HOLD,0,,,204320,31.38
2026-02-05,62100,64300,61200,61500,587238,62580,63505,54335.833333333336,44844.583333333336,HOLD,0,,,204320,31.38
2026-02-06,58900,60500,56100,58100,1098802,61440,63565,54680,45041.25,HOLD,0,,,204320,31.38
2026-02-09,59700,59700,57000,58000,1002956,60760,63655,55023.333333333336,45235.416666666664,HOLD,0,,,204320,31.38
2026-02-10,60100,62300,58800,59000,943481,59980,63585,55373.333333333336,45439.583333333336,HOLD,0,,,204320,31.38
2026-02-11,59600,61150,59200,59900,547572,59300,63475,55756.666666666664,45647.916666666664,HOLD,0,,,204320,31.38
2026-02-12,60000,60700,58500,60700,483701,59140,63385,56152.5,45862.916666666664,HOLD,0,,,204320,31.38
2026-02-13,59300,60300,58200,58200,486817,59160,63085,56525,46060.833333333336,HOLD,0,,,204320,31.38
2026-02-19,58700,61200,58200,60200,507788,59600,62725,56880,46270.833333333336,HOLD,0,,,204320,31.38
2026-02-20,60800,61000,59700,59800,464498,59760,62535,57216.666666666664,46479.583333333336,HOLD,0,,,204320,31.38
2026-02-23,61200,62600,59600,60000,589683,59780,61965,57560.833333333336,46685,HOLD,0,,,204320,31.38
2026-02-24,59700,60300,59000,60100,333127,59660,61575,57872.5,46891.666666666664,HOLD,0,,,204320,31.38
2026-02-25,61100,64200,60400,62200,1545295,60460,61410,58219.166666666664,47111.666666666664,HOLD,0,,,204320,31.38
2026-02-26,63000,63300,61100,63100,671344,61040,61340,58565,47341.666666666664,HOLD,0,,,204320,31.38
2026-02-27,61800,65000,60400,62800,1089383,61640,61250,58893.333333333336,47567.083333333336,HOLD,0,,,204320,31.38
2026-03-03,62200,63200,57500,57600,880798,61160,60915,59076.666666666664,47747.083333333336,HOLD,0,,,204320,31.38
2026-03-04,53600,55300,46850,48000,998624,58740,60030,59023.333333333336,47849.583333333336,HOLD,0,,,204320,31.38
2026-03-05,52500,54400,52000,53900,558781,57080,59535,59075,48001.666666666664,HOLD,0,,,204320,31.38
2026-03-06,51900,54200,51600,53800,517396,55220,59155,59101.666666666664,48156.666666666664,HOLD,0,,,204320,31.38
2026-03-09,50100,50400,48450,50300,403977,52720,58525,59038.333333333336,48280,HOLD,0,,,204320,31.38
2026-03-10,53500,54000,51100,52600,306657,51720,57990,58928.333333333336,48420,HOLD,0,,,204320,31.38
2026-03-11,54900,55350,52500,53500,363731,52820,57590,58835,48572.083333333336,HOLD,0,,,204320,31.38
2026-03-12,53600,54900,52900,54900,313342,53020,57430,58838.333333333336,48744.583333333336,HOLD,0,,,204320,31.38
2026-03-13,52700,52900,51500,52000,544159,52660,57130,58788.333333333336,48890,HOLD,0,,,204320,31.38
2026-03-16,51400,51600,50300,51000,242950,52800,56730,58768.333333333336,49022.5,HOLD,0,,,204320,31.38
2026-03-17,52500,53700,52000,52500,272493,52780,56360,58765,49161.25,HOLD,0,,,204320,31.38
2026-03-18,53500,54600,53400,54400,282931,52960,56045,58798.333333333336,49320,HOLD,0,,,204320,31.38
2026-03-19,52700,53600,52500,53000,182384,52580,55785,58811.666666666664,49472.5,BUY,100,53000,시장가,204320,31.38
2026-03-20,53800,54200,53300,53900,237116,52960,55470,58815,49631.25,HOLD,0,,,204320,31.38
2026-03-23,52200,52400,50700,51500,297585,53060,55055,58818.333333333336,49767.916666666664,HOLD,0,,,204320,31.38
2026-03-24,53600,53600,51100,52700,260693,53100,54690,58788.333333333336,49912.916666666664,HOLD,0,,,204320,31.38
2026-03-25,53400,54000,52200,52400,256147,52700,54305,58735,50057.5,HOLD,0,,,204320,31.38
2026-03-26,52800,52800,51000,51500,173146,52400,53770,58703.333333333336,50192.916666666664,HOLD,0,,,204320,31.38
2026-03-27,49950,51400,49300,51500,230794,51920,53190,58656.666666666664,50332.916666666664,HOLD,0,,,204320,31.38
2026-03-30,48800,49800,47950,49750,250447,51570,52537.5,58587.5,50457.916666666664,HOLD,0,,,204320,31.38
2026-03-31,48950,51900,48150,49050,277513,50840,52110,58468.333333333336,50583.75,HOLD,0,,,204320,31.38
2026-04-01,50400,51500,49750,51000,253005,50560,52260,58340,50727.083333333336,HOLD,0,,,204320,31.38
2026-04-02,51900,52200,47200,47800,325211,49820,51955,58046.666666666664,50845.416666666664,HOLD,0,,,204320,31.38
2026-04-03,48800,49300,47900,48350,189912,49190,51682.5,57840.833333333336,50968.75,HOLD,0,,,204320,31.38
2026-04-06,48100,48750,47650,48100,173787,48860,51572.5,57705.833333333336,51086.666666666664,HOLD,0,,,204320,31.38
2026-04-07,48450,48900,47300,47800,184150,48610,51332.5,57529.166666666664,51211.25,HOLD,0,,,204320,31.38
2026-04-08,49950,50900,49450,50900,388970,48590,51202.5,57432.5,51361.666666666664,HOLD,0,,,204320,31.38
2026-04-09,52300,52300,49900,50700,384175,49170,50992.5,57329.166666666664,51510.416666666664,HOLD,0,,,204320,31.38
2026-04-10,51700,51700,50300,50500,162679,49600,50917.5,57234.166666666664,51655.416666666664,HOLD,0,,,204320,31.38
2026-04-13,49100,49750,49050,49700,186894,49920,50852.5,57055.833333333336,51785,HOLD,0,,,204320,31.38
2026-04-14,50700,51400,50300,51200,159146,50600,50787.5,56874.166666666664,51916.666666666664,HOLD,0,,,204320,31.38
2026-04-15,52500,52900,51900,52700,245793,50960,50702.5,56710.833333333336,52052.5,HOLD,0,,,204320,31.38
2026-04-16,54200,54500,52800,53300,272029,51480,50717.5,56529.166666666664,52189.166666666664,HOLD,0,,,204320,31.38
2026-04-17,54100,54200,52100,52900,194276,51960,50667.5,56287.5,52316.666666666664,HOLD,0,,,204320,31.38
2026-04-20,53000,53500,52500,52600,153397,52540,50722.5,56104.166666666664,52453.75,HOLD,0,,,204320,31.38
2026-04-21,53200,54400,52800,54300,267266,53160,50802.5,55819.166666666664,52600.833333333336,HOLD,0,,,204320,31.38
2026-04-22,54600,54600,53000,54500,194946,53520,50907.5,55595.833333333336,52745,HOLD,0,,,204320,31.38
2026-04-23,55700,55700,52500,53400,356537,53540,51002.5,55394.166666666664,52884.583333333336,HOLD,0,,,204320,31.38
2026-04-24,53300,53400,52400,53000,168604,53560,51077.5,55202.5,53016.666666666664,HOLD,0,,,204320,31.38
2026-04-27,54000,58300,53200,56700,891369,54380,51425,55070.833333333336,53185.416666666664,HOLD,0,,,204320,31.38
2026-04-28,57800,58300,56100,57600,603408,55040,51852.5,54959.166666666664,53344.166666666664,HOLD,0,,,204320,31.38
2026-04-29,59200,59200,57100,57900,361060,55720,52197.5,54829.166666666664,53508.75,HOLD,0,,,204320,31.38
2026-04-30,59200,60500,56000,57100,563165,56460,52662.5,54717.5,53673.333333333336,SELL,100,57100,시장가,204320,31.38