날짜,시가,고가,저가,종가,MA5,MA20,MA60,MA120,거래량
2023-11-17,43000.0,65800.0,42950.0,57200.0,,,,,40145574
2023-11-20,66000.0,74300.0,61500.0,74300.0,,,,,9254377
2023-11-21,85300.0,96500.0,83400.0,96500.0,,,,,16373917
2023-11-22,96300.0,108500.0,88200.0,91200.0,,,,,14743137
2023-11-23,90900.0,101600.0,88900.0,99100.0,83660.0,,,,7749291
2023-11-24,98500.0,102000.0,95000.0,99100.0,92040.0,,,,4624663
2023-11-27,103900.0,128800.0,102200.0,124600.0,102100.0,,,,12950817
2023-11-28,122300.0,134100.0,110500.0,133000.0,109400.0,,,,8556058
2023-11-29,129900.0,151200.0,126500.0,136500.0,118460.0,,,,9396619
2023-11-30,137200.0,144300.0,132300.0,137000.0,126040.0,,,,2990214
2023-12-01,137000.0,138900.0,129000.0,136400.0,133500.0,,,,2075076
2023-12-04,145200.0,154000.0,136400.0,137500.0,136080.0,,,,2831258
2023-12-05,137500.0,140200.0,127500.0,131800.0,135840.0,,,,1776760
2023-12-06,129500.0,132000.0,119700.0,121700.0,132880.0,,,,2385104
2023-12-07,122500.0,129900.0,111100.0,127000.0,130880.0,,,,3509075
2023-12-08,126900.0,137500.0,121000.0,134400.0,130480.0,,,,3798928
2023-12-11,143100.0,145000.0,136800.0,140200.0,131020.0,,,,2978251
2023-12-12,136300.0,142700.0,134000.0,140400.0,132740.0,,,,1665699
2023-12-13,138300.0,141900.0,137300.0,140500.0,136500.0,,,,1273230
2023-12-14,141700.0,142600.0,135000.0,140500.0,139200.0,119945.0,,,1979256
2023-12-15,144200.0,174700.0,142200.0,169000.0,146120.0,125535.0,,,10527968
2023-12-18,171100.0,219000.0,170000.0,213000.0,160680.0,132470.0,,,9396125
2023-12-19,215500.0,223000.0,197900.0,205500.0,173700.0,137920.0,,,4131277
2023-12-20,201000.0,208500.0,194300.0,205000.0,186600.0,143610.0,,,2029032
2023-12-21,198000.0,204500.0,196000.0,198900.0,198280.0,148600.0,,,1172815
2023-12-22,184700.0,199900.0,184600.0,188500.0,202180.0,153070.0,,,1806021
2023-12-26,187800.0,190800.0,175000.0,175800.0,194740.0,155630.0,,,1346763
2023-12-27,175000.0,178000.0,159700.0,171600.0,187960.0,157560.0,,,2251525
2023-12-28,170000.0,197000.0,165700.0,188500.0,184660.0,160160.0,,,3733300
2024-01-02,192400.0,202000.0,192200.0,199900.0,184860.0,163305.0,,,1456489
2024-01-03,197200.0,209000.0,194700.0,206000.0,188360.0,166785.0,,,1415030
2024-01-04,201000.0,213500.0,199800.0,213000.0,195800.0,170560.0,,,1266301
2024-01-05,220000.0,241000.0,198500.0,201000.0,201680.0,174020.0,,,4721579
2024-01-08,196000.0,218000.0,194000.0,216000.0,207180.0,178735.0,,,2475378
2024-01-09,219000.0,230000.0,211000.0,220500.0,211300.0,183410.0,,,2185045
2024-01-10,221000.0,240000.0,219000.0,240000.0,218100.0,188690.0,,,3096010
2024-01-11,242000.0,244000.0,220500.0,231000.0,221700.0,193230.0,,,2594482
2024-01-12,227500.0,235000.0,224500.0,230500.0,227600.0,197735.0,,,1053992
2024-01-15,225000.0,228000.0,221000.0,216500.0,227700.0,201535.0,,,305076
2024-01-16,211000.0,228500.0,208000.0,223500.0,228300.0,205685.0,,,1292167
2024-01-17,222500.0,230000.0,217500.0,226500.0,225600.0,208560.0,,,961362
2024-01-18,224500.0,228500.0,213500.0,215500.0,222500.0,208685.0,,,807242
2024-01-19,214500.0,221500.0,202000.0,216500.0,219700.0,209235.0,,,1565348
2024-01-22,212000.0,214500.0,190800.0,192000.0,214800.0,208585.0,,,1360571
2024-01-23,185000.0,192700.0,169100.0,170000.0,204100.0,207140.0,,,2370339
2024-01-24,175500.0,187900.0,170100.0,173000.0,193400.0,206365.0,,,1795752
2024-01-25,167100.0,168900.0,155200.0,157100.0,181720.0,205430.0,,,2072291
2024-01-26,152800.0,165700.0,145100.0,159700.0,170360.0,204835.0,,,2352915
2024-01-29,162000.0,164500.0,142500.0,144300.0,160820.0,202625.0,,,1633449
2024-01-30,148900.0,160800.0,143600.0,145100.0,155840.0,199885.0,,,2192952
2024-01-31,145400.0,153700.0,144500.0,149400.0,151120.0,197055.0,,,1014112
2024-02-01,147000.0,174000.0,144600.0,173600.0,154420.0,195085.0,,,2487279
2024-02-02,176900.0,181500.0,169300.0,176000.0,157680.0,193835.0,,,1597108
2024-02-05,170300.0,174000.0,164000.0,165200.0,161860.0,191295.0,,,1013801
2024-02-06,160400.0,166600.0,150700.0,159200.0,164680.0,188230.0,,,1410165
2024-02-07,163000.0,177700.0,163000.0,165500.0,167900.0,184505.0,,,1791531
2024-02-08,169400.0,175300.0,163000.0,171900.0,167560.0,181550.0,,,1336069
2024-02-13,180000.0,209500.0,179300.0,209500.0,174260.0,180500.0,,,3457333
2024-02-14,202500.0,211500.0,193100.0,200000.0,181220.0,179675.0,,,1945642
2024-02-15,199700.0,206000.0,194500.0,200500.0,189480.0,178525.0,168051.66666666666,,1180513
2024-02-16,205000.0,205500.0,198000.0,198600.0,196100.0,177130.0,170408.33333333334,,705346
2024-02-19,190300.0,199900.0,187000.0,187600.0,199240.0,175735.0,172296.66666666666,,869252
2024-02-20,183200.0,192500.0,176800.0,190400.0,195420.0,174430.0,173861.66666666666,,1293694
2024-02-21,187100.0,194500.0,183100.0,188100.0,193040.0,174235.0,175476.66666666666,,798663
2024-02-22,192600.0,202500.0,190700.0,194900.0,191920.0,175480.0,177073.33333333334,,1316223
2024-02-23,196000.0,202500.0,190300.0,202000.0,192600.0,176930.0,178788.33333333334,,922796
2024-02-26,204000.0,209500.0,190400.0,190600.0,193200.0,178605.0,179888.33333333334,,1004062
2024-02-27,189200.0,197200.0,183900.0,191000.0,193320.0,180170.0,180855.0,,1232077
2024-02-28,194400.0,196800.0,186000.0,189400.0,193580.0,182425.0,181736.66666666666,,784473
2024-02-29,194600.0,196200.0,186400.0,193100.0,193220.0,184825.0,182671.66666666666,,2205534
2024-03-04,190000.0,191500.0,180200.0,180700.0,188960.0,186390.0,183410.0,,1143650
2024-03-05,173400.0,178900.0,167400.0,167500.0,184340.0,186085.0,183910.0,,1035716
2024-03-06,167400.0,172700.0,162100.0,162300.0,178600.0,185400.0,184418.33333333334,,748725
2024-03-07,162300.0,164100.0,159200.0,163000.0,173320.0,185290.0,185106.66666666666,,555060
2024-03-08,163400.0,164800.0,153500.0,156300.0,165960.0,185145.0,185595.0,,709226
2024-03-11,156300.0,162000.0,152000.0,156800.0,161180.0,184710.0,185968.33333333334,,449997
2024-03-12,159500.0,163800.0,158100.0,160700.0,159820.0,184150.0,186310.0,,562691
2024-03-13,160800.0,161000.0,156900.0,157700.0,158900.0,181560.0,186598.33333333334,,299147
2024-03-14,154600.0,154800.0,152000.0,154200.0,157140.0,179270.0,186826.66666666666,,367849
2024-03-15,151900.0,153100.0,149300.0,150200.0,155920.0,176755.0,186988.33333333334,,262451
2024-03-18,150900.0,153000.0,149000.0,151800.0,154920.0,174415.0,186701.66666666666,,276483
2024-03-19,154600.0,156200.0,150300.0,152100.0,153200.0,172640.0,185686.66666666666,,392466
2024-03-20,152000.0,153000.0,149600.0,149700.0,151600.0,170605.0,184756.66666666666,,190752
2024-03-21,151300.0,151800.0,149100.0,150700.0,150900.0,168735.0,183851.66666666666,,264808
2024-03-22,150500.0,151400.0,149300.0,149800.0,150820.0,166480.0,183033.33333333334,,214191
2024-03-25,149100.0,149200.0,144300.0,145300.0,149520.0,163645.0,182313.33333333334,,379380
2024-03-26,145200.0,149800.0,140500.0,141200.0,147340.0,161175.0,181736.66666666666,,402771
2024-03-27,142800.0,145700.0,135100.0,139200.0,145240.0,158585.0,181196.66666666666,,579700
2024-03-28,139200.0,139900.0,133100.0,133600.0,141820.0,155795.0,180281.66666666666,,401306
2024-03-29,132600.0,134600.0,129200.0,130800.0,138020.0,152680.0,179130.0,,321832
2024-04-01,130000.0,134300.0,127900.0,131500.0,135260.0,150220.0,177888.33333333334,,368245
2024-04-02,129900.0,131400.0,123000.0,123500.0,131720.0,148020.0,176396.66666666666,,475875
2024-04-03,120500.0,122700.0,117600.0,118700.0,127620.0,145840.0,175025.0,,421835
2024-04-04,119700.0,127900.0,118700.0,119100.0,124720.0,143645.0,173410.0,,605433
2024-04-05,120600.0,125500.0,115900.0,117500.0,122060.0,141705.0,171693.33333333334,,497509
2024-04-08,115900.0,118700.0,112100.0,117600.0,119280.0,139745.0,169653.33333333334,,332626
2024-04-09,120400.0,134100.0,120300.0,122800.0,119140.0,137850.0,167850.0,,1225384
2024-04-11,120000.0,124300.0,118000.0,119500.0,119300.0,135940.0,166000.0,,295540
2024-04-12,120800.0,122600.0,114700.0,114700.0,118420.0,133965.0,164303.33333333334,,295598
2024-04-15,111000.0,115500.0,110500.0,113400.0,117600.0,132125.0,162468.33333333334,,224633
2024-04-16,110900.0,111900.0,107900.0,108200.0,115720.0,129945.0,160496.66666666666,,244155
2024-04-17,108300.0,110200.0,103800.0,104200.0,112000.0,127550.0,158641.66666666666,,244939
2024-04-18,105000.0,112100.0,104600.0,111000.0,110300.0,125615.0,156883.33333333334,,310610
2024-04-19,109900.0,111600.0,105600.0,108300.0,109020.0,123495.0,155488.33333333334,,204262
2024-04-22,110400.0,118900.0,109600.0,118200.0,109980.0,121915.0,154625.0,,410323
2024-04-23,117300.0,118700.0,112000.0,112600.0,110860.0,120280.0,153618.33333333334,,281157
2024-04-24,119400.0,123600.0,115600.0,122200.0,114460.0,119330.0,153036.66666666666,,633099
2024-04-25,123100.0,124800.0,114600.0,114600.0,115180.0,118100.0,152285.0,,541278
2024-04-26,116300.0,118700.0,113000.0,117700.0,117060.0,117305.0,151841.66666666666,,270218
2024-04-29,116700.0,122400.0,115700.0,121800.0,117780.0,116855.0,151453.33333333334,,304869
2024-04-30,125600.0,126200.0,117100.0,117400.0,118740.0,116150.0,150920.0,,357081
2024-05-02,117200.0,117200.0,112600.0,114800.0,117260.0,115715.0,149940.0,,187156
2024-05-03,114000.0,115600.0,109300.0,109800.0,116300.0,115270.0,148836.66666666666,,269646
2024-05-07,110700.0,111200.0,107200.0,108300.0,114420.0,114730.0,147888.33333333334,,218627
2024-05-08,107600.0,108100.0,103900.0,106700.0,111400.0,114190.0,147013.33333333334,,252283
2024-05-09,106000.0,106300.0,103000.0,103200.0,108560.0,113470.0,145975.0,,161331
2024-05-10,103200.0,105000.0,101000.0,101000.0,105800.0,112380.0,144793.33333333334,,183896
2024-05-13,99900.0,100500.0,96900.0,97100.0,103260.0,111260.0,142920.0,,280264
2024-05-14,96900.0,98600.0,95400.0,97200.0,101040.0,110385.0,141206.66666666666,,262673
2024-05-16,98300.0,100500.0,95600.0,96900.0,99080.0,109560.0,139480.0,153765.83333333334,333233
2024-05-17,96400.0,106000.0,95000.0,98300.0,98100.0,109065.0,137808.33333333334,154108.33333333334,773134
2024-05-20,99600.0,106600.0,99200.0,103000.0,98500.0,109005.0,136398.33333333334,154347.5,479934
2024-05-21,97000.0,97000.0,90100.0,90100.0,97100.0,107960.0,134726.66666666666,154294.16666666666,3377399
2024-05-22,91900.0,92200.0,85200.0,85500.0,94760.0,106820.0,133016.66666666666,154246.66666666666,983260
2024-05-23,85200.0,86800.0,84000.0,84900.0,92360.0,105155.0,131183.33333333334,154128.33333333334,478320
2024-05-24,83500.0,85400.0,82400.0,83300.0,89360.0,103690.0,129205.0,153996.66666666666,423334
2024-05-27,83900.0,85000.0,80500.0,84800.0,85720.0,101820.0,127441.66666666667,153665.0,617311
2024-05-28,84800.0,85000.0,82500.0,82700.0,84240.0,100225.0,125636.66666666667,153245.83333333334,275367
2024-05-29,81700.0,82100.0,79100.0,79500.0,83040.0,98315.0,123805.0,152770.83333333334,341990
2024-05-30,78700.0,81300.0,76900.0,78000.0,81660.0,96125.0,121886.66666666667,152279.16666666666,384028
2024-05-31,78300.0,80200.0,75500.0,79400.0,80880.0,94225.0,120198.33333333333,151804.16666666666,619694
2024-06-03,79400.0,81300.0,78000.0,79200.0,79760.0,92445.0,118726.66666666667,151318.33333333334,354069
2024-06-04,78600.0,84800.0,78600.0,83800.0,79980.0,91145.0,117418.33333333333,150918.33333333334,795912
2024-06-05,85000.0,99400.0,84000.0,95500.0,83180.0,90505.0,116293.33333333333,150700.0,3902376
2024-06-07,101900.0,124100.0,98600.0,124100.0,92400.0,91375.0,115756.66666666667,150675.83333333334,6118881
2024-06-10,127300.0,137800.0,120700.0,127000.0,101920.0,92565.0,115260.0,150614.16666666666,8372496
2024-06-11,130100.0,136700.0,128000.0,131800.0,112440.0,94105.0,114778.33333333333,150544.16666666666,3247873
2024-06-12,127800.0,134700.0,127300.0,133000.0,122280.0,95900.0,114366.66666666667,150482.5,1728807
2024-06-13,138000.0,138000.0,128500.0,133500.0,129880.0,97715.0,114021.66666666667,150424.16666666666,1914066
2024-06-14,122400.0,123600.0,111200.0,112200.0,127500.0,98480.0,113388.33333333333,150188.33333333334,5398511
2024-06-17,108500.0,113300.0,106000.0,109500.0,124000.0,99040.0,112683.33333333333,149692.5,1572459
2024-06-18,109100.0,112100.0,101000.0,102700.0,118180.0,99025.0,111860.0,148773.33333333334,1492555
2024-06-19,102000.0,110500.0,101100.0,108300.0,113240.0,99935.0,111170.0,147963.33333333334,2088415
2024-06-20,107100.0,109000.0,102100.0,102800.0,107100.0,100800.0,110371.66666666667,147111.66666666666,889794
2024-06-21,101300.0,103000.0,96500.0,98100.0,104280.0,101460.0,109510.0,146271.66666666666,1445417
2024-06-24,97300.0,99700.0,93700.0,95200.0,101420.0,102055.0,108675.0,145494.16666666666,779931
2024-06-25,95500.0,96500.0,91000.0,91100.0,99100.0,102370.0,107840.0,144788.33333333334,758916
2024-06-26,92300.0,93400.0,89100.0,91300.0,95700.0,102800.0,107041.66666666667,144119.16666666666,665034
2024-06-27,93000.0,96700.0,90200.0,91100.0,93360.0,103380.0,106333.33333333333,143307.5,1015882
2024-06-28,91000.0,96000.0,89700.0,90900.0,91920.0,104025.0,105668.33333333333,142399.16666666666,1193909
2024-07-01,91800.0,98300.0,90400.0,97200.0,92320.0,104915.0,105096.66666666667,141492.5,1098973
2024-07-02,98800.0,99700.0,92700.0,92700.0,92640.0,105590.0,104583.33333333333,140490.0,924203
2024-07-03,96900.0,108900.0,96300.0,99400.0,94260.0,106370.0,104261.66666666667,139643.33333333334,4298517
2024-07-04,104000.0,105800.0,98500.0,100000.0,96040.0,106595.0,103943.33333333333,138676.66666666666,1281991
2024-07-05,100300.0,100500.0,96800.0,97900.0,97440.0,105285.0,103616.66666666667,137655.0,756019
2024-07-08,97500.0,104400.0,96700.0,100900.0,98180.0,103980.0,103338.33333333333,136495.83333333334,1302561
2024-07-09,102300.0,103000.0,99800.0,102300.0,100100.0,102505.0,102996.66666666667,135423.33333333334,591689
2024-07-10,103100.0,104800.0,99500.0,99600.0,100140.0,100835.0,102665.0,134332.5,562642
2024-07-11,100300.0,109000.0,99500.0,106900.0,101520.0,99505.0,102535.0,133419.16666666666,2174768
2024-07-12,104100.0,106000.0,101300.0,102000.0,102340.0,98995.0,102345.0,132406.66666666666,880959
2024-07-15,102400.0,102900.0,98200.0,101600.0,102480.0,98600.0,102235.0,131365.83333333334,723747
2024-07-16,100300.0,100900.0,93700.0,93800.0,100780.0,98155.0,102061.66666666667,130351.66666666667,859917
2024-07-17,93600.0,95800.0,91600.0,92500.0,99360.0,97365.0,101753.33333333333,129318.33333333333,510122
2024-07-18,90000.0,96000.0,90000.0,93400.0,96660.0,96895.0,101505.0,128496.66666666667,733266
2024-07-19,94700.0,96900.0,93600.0,96900.0,95640.0,96835.0,101150.0,127887.5,523495
2024-07-22,96000.0,96600.0,90000.0,90000.0,93320.0,96575.0,100773.33333333333,127195.83333333333,606937
2024-07-23,91500.0,92200.0,88500.0,89300.0,92420.0,96485.0,100225.0,126630.83333333333,381302
2024-07-24,88400.0,91300.0,86100.0,86100.0,91140.0,96225.0,99750.0,126017.5,474207
2024-07-25,83200.0,87600.0,82000.0,85800.0,89620.0,95960.0,99218.33333333333,125530.0,561232
2024-07-26,85600.0,86600.0,82500.0,82900.0,86820.0,95560.0,98570.0,125011.66666666667,314757
2024-07-29,82000.0,83800.0,81600.0,83100.0,85440.0,94855.0,97998.33333333333,124459.16666666667,248070
2024-07-30,83400.0,88000.0,82400.0,84800.0,84540.0,94460.0,97498.33333333333,123719.16666666667,673541
2024-07-31,83800.0,84200.0,80700.0,81000.0,83520.0,93540.0,97018.33333333333,122927.5,453862
2024-08-01,81900.0,88500.0,78600.0,86400.0,83640.0,92860.0,96653.33333333333,122270.83333333333,723981
2024-08-02,82200.0,87900.0,82200.0,83600.0,83780.0,92145.0,96268.33333333333,121640.83333333333,536137
2024-08-05,82600.0,83800.0,70100.0,72300.0,81620.0,90715.0,95753.33333333333,120864.16666666667,642464
2024-08-06,73100.0,80700.0,73000.0,80200.0,80700.0,89610.0,95406.66666666667,120100.0,663656
2024-08-07,79000.0,80600.0,77200.0,77300.0,79960.0,88495.0,95076.66666666667,118998.33333333333,411862
2024-08-08,76200.0,78000.0,73100.0,74300.0,77540.0,86865.0,94695.0,117950.83333333333,449998
2024-08-09,77000.0,87300.0,76900.0,83300.0,77480.0,85930.0,94468.33333333333,116974.16666666667,1737581
2024-08-12,84000.0,86800.0,82500.0,85600.0,80140.0,85130.0,94256.66666666667,116032.5,598858
2024-08-13,84800.0,87800.0,81600.0,83100.0,80720.0,84595.0,93925.0,115161.66666666667,737012
2024-08-14,85900.0,87000.0,82500.0,83700.0,82000.0,84155.0,93818.33333333333,114272.5,590598
2024-08-16,86500.0,88500.0,83000.0,83000.0,83740.0,83635.0,93776.66666666667,113396.66666666667,507999
2024-08-19,81500.0,82800.0,79000.0,79000.0,82880.0,82740.0,93678.33333333333,112430.83333333333,358051
2024-08-20,81500.0,81800.0,78700.0,79600.0,81680.0,82220.0,93616.66666666667,111410.83333333333,325021
2024-08-21,79700.0,82900.0,79100.0,81400.0,81340.0,81825.0,93560.0,110500.83333333333,452281
2024-08-22,82300.0,85400.0,81200.0,82200.0,81040.0,81630.0,93551.66666666667,109594.16666666667,555431
2024-08-23,81200.0,81500.0,79500.0,80200.0,80480.0,81350.0,93563.33333333333,108684.16666666667,279489
2024-08-26,82000.0,85800.0,81500.0,83600.0,81400.0,81385.0,93656.66666666667,107771.66666666667,723737
2024-08-27,83700.0,84200.0,80900.0,83600.0,82200.0,81410.0,93726.66666666667,106962.5,315797
2024-08-28,83600.0,85500.0,82400.0,83500.0,82620.0,81345.0,93798.33333333333,106262.5,410100
2024-08-29,82200.0,93900.0,82000.0,89700.0,84120.0,81780.0,93896.66666666667,105657.5,1711465
2024-08-30,89900.0,94400.0,88300.0,90800.0,86240.0,82000.0,93818.33333333333,105055.83333333333,1064037
2024-09-02,92000.0,98400.0,91700.0,95000.0,88520.0,82570.0,93333.33333333333,104545.0,1333219
2024-09-03,96200.0,96200.0,91800.0,92000.0,90200.0,83555.0,92750.0,104005.0,392433
2024-09-04,87100.0,92600.0,87100.0,89000.0,91300.0,83995.0,92036.66666666667,103407.5,516546
2024-09-05,90100.0,94700.0,88300.0,92600.0,91880.0,84760.0,91363.33333333333,102865.0,897673
2024-09-06,94600.0,97400.0,90500.0,90800.0,91880.0,85585.0,90651.66666666667,102336.66666666667,1340518
2024-09-09,89100.0,97000.0,88300.0,95100.0,91900.0,86175.0,90366.66666666667,101877.5,990086
2024-09-10,96200.0,97300.0,91700.0,92100.0,91920.0,86500.0,90076.66666666667,101380.0,526120
2024-09-11,92400.0,95100.0,91300.0,93300.0,92780.0,87010.0,89920.0,100890.0,634459
2024-09-12,95900.0,99600.0,94500.0,99300.0,94120.0,87790.0,89770.0,100470.0,947917
2024-09-13,99000.0,105000.0,97600.0,103600.0,96680.0,88820.0,89783.33333333333,100077.5,1129531
2024-09-19,105000.0,107100.0,102200.0,104200.0,98500.0,90080.0,89885.0,99697.5,757367
2024-09-20,107400.0,108200.0,104000.0,105300.0,101140.0,91365.0,90053.33333333333,99364.16666666667,1184163
2024-09-23,105900.0,118400.0,103800.0,116200.0,105720.0,93105.0,90471.66666666667,99155.83333333333,1889618
2024-09-24,117900.0,119400.0,115000.0,117400.0,109340.0,94865.0,90906.66666666667,98974.16666666667,1019750
2024-09-25,118200.0,124500.0,117300.0,119500.0,112520.0,96830.0,91380.0,98856.66666666667,1555188
2024-09-26,120000.0,128500.0,119800.0,127800.0,117240.0,99040.0,91995.0,98831.66666666667,1431978
2024-09-27,128000.0,131900.0,125900.0,130600.0,122300.0,101390.0,92551.66666666667,98824.16666666667,911356
2024-09-30,132300.0,144100.0,126300.0,134900.0,126040.0,103960.0,93255.0,98919.16666666667,3479839
2024-10-02,132000.0,139300.0,130800.0,134600.0,129480.0,106205.0,93841.66666666667,99051.66666666667,1049588
2024-10-04,134500.0,137300.0,128200.0,129600.0,131500.0,108145.0,94335.0,99139.16666666667,927807
2024-10-07,131700.0,134200.0,126900.0,127300.0,131400.0,109760.0,94825.0,99220.83333333333,911279
2024-10-08,126200.0,132000.0,126200.0,126900.0,130660.0,111505.0,95258.33333333333,99298.33333333333,888041
2024-10-10,127600.0,129100.0,122500.0,122500.0,128180.0,113180.0,95595.0,99295.83333333333,1239716
2024-10-11,122000.0,124300.0,117000.0,117600.0,124780.0,114430.0,95895.0,99280.0,912411
2024-10-14,116900.0,120100.0,115900.0,117800.0,122420.0,115780.0,96076.66666666667,99305.83333333333,579830
2024-10-15,119800.0,122500.0,111700.0,112200.0,119400.0,116635.0,96246.66666666667,99295.83333333333,959167
2024-10-16,113600.0,118300.0,110100.0,115000.0,117020.0,117780.0,96470.0,99352.5,912787
2024-10-17,115900.0,119100.0,113800.0,113800.0,115280.0,118805.0,96803.33333333333,99432.5,538770
2024-10-18,113100.0,116700.0,111600.0,116500.0,115060.0,119665.0,97203.33333333333,99478.33333333333,480808
2024-10-21,116300.0,118000.0,114700.0,116000.0,114700.0,120285.0,97580.0,99542.5,381686
2024-10-22,115500.0,115800.0,106600.0,106600.0,113580.0,120405.0,97741.66666666667,99445.83333333333,757118
2024-10-23,106600.0,113700.0,106500.0,112600.0,113100.0,120770.0,98118.33333333333,99445.83333333333,774433
2024-10-24,117100.0,117100.0,110500.0,110900.0,112520.0,120505.0,98478.33333333333,99351.66666666667,677238
2024-10-25,114300.0,115400.0,110000.0,110000.0,111220.0,120135.0,98876.66666666667,99313.33333333333,412490
2024-10-28,110000.0,119400.0,110000.0,117700.0,111560.0,120045.0,99408.33333333333,99313.33333333333,994812
2024-10-29,115800.0,118900.0,112200.0,118900.0,114020.0,119600.0,100008.33333333333,99289.16666666667,589806
2024-10-30,117100.0,119400.0,114700.0,114800.0,114460.0,118810.0,100536.66666666667,99267.5,363723
2024-10-31,113000.0,116000.0,111500.0,112500.0,114780.0,117690.0,100998.33333333333,99248.33333333333,407764
2024-11-01,107600.0,114900.0,107500.0,112100.0,115200.0,116565.0,101516.66666666667,99267.5,425222
2024-11-04,113300.0,124300.0,112000.0,123000.0,116260.0,116235.0,102126.66666666667,99390.0,1330689
2024-11-05,121800.0,122900.0,118100.0,118300.0,116140.0,115785.0,102705.0,99486.66666666667,611265
2024-11-06,120700.0,122200.0,109400.0,110000.0,115180.0,114940.0,103333.33333333333,99543.33333333333,1135866
2024-11-07,110600.0,113200.0,105800.0,110000.0,114680.0,114315.0,103830.0,99618.33333333333,888010
2024-11-08,109800.0,117100.0,109700.0,114100.0,115080.0,114140.0,104443.33333333333,99760.0,861919
2024-11-11,115100.0,116200.0,108200.0,108500.0,112180.0,113675.0,105013.33333333333,99854.16666666667,621389
2024-11-12,110200.0,118900.0,108300.0,115700.0,111660.0,113850.0,105553.33333333333,100010.83333333333,1222276
2024-11-13,114400.0,116200.0,109200.0,109800.0,111620.0,113590.0,105956.66666666667,100106.66666666667,568472
2024-11-14,112900.0,114400.0,101000.0,105600.0,110740.0,113180.0,106331.66666666667,100128.33333333333,1113133
2024-11-15,101100.0,102200.0,89700.0,89700.0,105860.0,111840.0,106431.66666666667,100125.0,1965992
2024-11-18,89700.0,92300.0,87800.0,88800.0,101920.0,110480.0,106528.33333333333,100152.5,1137972
2024-11-19,88000.0,90200.0,86600.0,90200.0,96820.0,109660.0,106715.0,100196.66666666667,641138
2024-11-20,89000.0,92300.0,87600.0,88000.0,92460.0,108430.0,106855.0,100235.83333333333,694970
2024-11-21,87800.0,91000.0,87400.0,89400.0,89220.0,107355.0,106988.33333333333,100274.16666666667,760636
2024-11-22,89400.0,94700.0,89000.0,92800.0,89840.0,106495.0,107165.0,100358.33333333333,726349
2024-11-25,94000.0,96300.0,92200.0,95300.0,91140.0,105375.0,107416.66666666667,100490.0,662772
2024-11-26,96400.0,99000.0,91400.0,91600.0,91420.0,104010.0,107550.0,100603.33333333333,869400
2024-11-27,94000.0,95000.0,89400.0,90200.0,91860.0,102780.0,107660.0,100693.33333333333,591568
2024-11-28,91100.0,92400.0,89000.0,91100.0,92200.0,101710.0,107786.66666666667,100792.5,466516
2024-11-29,90800.0,90800.0,85000.0,85000.0,90640.0,100355.0,107708.33333333333,100802.5,483464
2024-12-02,85300.0,87300.0,82200.0,82900.0,88160.0,98350.0,107576.66666666667,100697.5,636525
2024-12-03,83100.0,84400.0,79500.0,81000.0,86040.0,96485.0,107343.33333333333,100338.33333333333,950710
2024-12-04,79000.0,81000.0,76900.0,77500.0,83500.0,94860.0,107101.66666666667,99925.83333333333,790176
2024-12-05,78600.0,78800.0,74900.0,75300.0,80340.0,93125.0,106873.33333333333,99455.0,627347
2024-12-06,76000.0,79000.0,73300.0,76000.0,78540.0,91220.0,106596.66666666667,98980.0,894949
2024-12-09,74500.0,76900.0,72400.0,72400.0,76440.0,89415.0,106290.0,98470.83333333333,608514
2024-12-10,73200.0,77000.0,72600.0,75900.0,75420.0,87425.0,105970.0,98168.33333333333,541959
2024-12-11,76700.0,77500.0,75100.0,76000.0,75120.0,85735.0,105701.66666666667,97889.16666666667,447481
2024-12-12,77500.0,78900.0,74900.0,77600.0,75580.0,84335.0,105440.0,97680.0,793179
2024-12-13,77100.0,80600.0,75800.0,80600.0,76500.0,83880.0,105128.33333333333,97449.16666666667,616475
2024-12-16,81900.0,81900.0,79500.0,81600.0,78340.0,83520.0,104761.66666666667,97272.5,464272
2024-12-17,81300.0,81300.0,74100.0,76200.0,78400.0,82820.0,104295.0,97090.0,692976
2024-12-18,75600.0,77600.0,75300.0,76700.0,78540.0,82255.0,103818.33333333333,96935.83333333333,439562
2024-12-19,74000.0,76200.0,72500.0,72800.0,77580.0,81425.0,103095.0,96783.33333333333,619814
2024-12-20,73100.0,73400.0,69700.0,70500.0,75560.0,80310.0,102313.33333333333,96610.0,497274
2024-12-23,71200.0,72300.0,67800.0,70600.0,73360.0,79075.0,101498.33333333333,96439.16666666667,489654
2024-12-24,71800.0,73500.0,69400.0,69600.0,72040.0,77975.0,100528.33333333333,96261.66666666667,462875
2024-12-26,70500.0,70800.0,66300.0,66900.0,70080.0,76810.0,99466.66666666667,96009.16666666667,427583
2024-12-27,66500.0,67800.0,64900.0,65300.0,68580.0,75520.0,98306.66666666667,95780.83333333333,460161
2024-12-30,64700.0,66200.0,64700.0,65800.0,67640.0,74560.0,97160.0,95500.83333333333,431136
2025-01-02,65900.0,65900.0,61800.0,61800.0,65880.0,73505.0,96030.0,95182.5,472682
2025-01-03,61900.0,72000.0,61900.0,66100.0,65180.0,72760.0,95010.0,94917.5,1234111
2025-01-06,67500.0,70200.0,66300.0,68800.0,65560.0,72325.0,94041.66666666667,94650.0,623214
2025-01-07,69100.0,70900.0,68800.0,69200.0,66340.0,72020.0,93153.33333333333,94374.16666666667,417858
2025-01-08,68000.0,74100.0,67900.0,73500.0,67880.0,71895.0,92418.33333333333,94156.66666666667,711109
2025-01-09,74300.0,77300.0,72100.0,76500.0,70820.0,72100.0,91730.0,93903.33333333333,782983
2025-01-10,76000.0,79000.0,72200.0,76300.0,72860.0,72120.0,91131.66666666667,93689.16666666667,776700
2025-01-13,76100.0,77900.0,74000.0,76300.0,74360.0,72135.0,90486.66666666667,93478.33333333333,423281
2025-01-14,77600.0,80500.0,76000.0,78300.0,76180.0,72170.0,89895.0,93349.16666666667,739989
2025-01-15,78500.0,81400.0,75900.0,76200.0,76720.0,71950.0,89223.33333333333,93213.33333333333,630835
2025-01-16,78600.0,79800.0,77200.0,78200.0,77060.0,71780.0,88593.33333333333,93086.66666666667,493651
2025-01-17,78000.0,79300.0,76700.0,76800.0,77160.0,71810.0,88096.66666666667,92919.16666666667,355808
2025-01-20,77700.0,80300.0,77400.0,78400.0,77580.0,71895.0,87526.66666666667,92822.5,560673
2025-01-21,76900.0,77600.0,71100.0,72800.0,76480.0,71895.0,86891.66666666667,92685.0,770947
2025-01-22,74200.0,75300.0,72900.0,73900.0,76020.0,72065.0,86290.0,92583.33333333333,392227
2025-01-23,73400.0,73600.0,70700.0,71900.0,74760.0,72130.0,85526.66666666667,92467.5,300025
2025-01-24,72700.0,73100.0,70100.0,71100.0,73620.0,72205.0,84730.0,92369.16666666667,323660
2025-01-31,70800.0,72100.0,70000.0,71000.0,72140.0,72410.0,84000.0,92268.33333333333,261659
2025-02-03,69800.0,69900.0,65900.0,65900.0,70760.0,72440.0,83223.33333333333,92110.83333333333,385917
2025-02-04,67300.0,69800.0,66600.0,67200.0,69420.0,72510.0,82475.0,91995.83333333333,306525
2025-02-05,67800.0,70500.0,67800.0,69500.0,68940.0,72895.0,81583.33333333333,91855.0,253412
2025-02-06,70300.0,70300.0,67500.0,68000.0,68320.0,72990.0,80745.0,91725.0,267309
2025-02-07,68200.0,70200.0,67000.0,67100.0,67540.0,72905.0,80030.0,91681.66666666667,371353
2025-02-10,66200.0,68800.0,65100.0,68000.0,67960.0,72845.0,79330.0,91580.0,366431
2025-02-11,68000.0,71500.0,67000.0,69800.0,68480.0,72660.0,78591.66666666667,91517.5,523460
2025-02-12,71000.0,75700.0,71000.0,71600.0,68900.0,72415.0,77976.66666666667,91495.0,705674
2025-02-13,72700.0,74800.0,70900.0,74200.0,70140.0,72310.0,77285.0,91419.16666666667,647945
2025-02-14,74200.0,76200.0,71300.0,74300.0,71580.0,72210.0,76693.33333333333,91325.0,509330
2025-02-17,75700.0,88800.0,75400.0,83500.0,74680.0,72470.0,76325.0,91328.33333333333,3234400
2025-02-18,83900.0,85400.0,80800.0,81700.0,77060.0,72745.0,76191.66666666667,91311.66666666667,1047230
2025-02-19,81700.0,95500.0,81200.0,93000.0,81340.0,73485.0,76261.66666666667,91395.0,3916274
2025-02-20,92000.0,98500.0,91400.0,94300.0,85360.0,74360.0,76330.0,91522.5,1990592
2025-02-21,95100.0,97400.0,93300.0,95900.0,89680.0,75235.0,76461.66666666667,91658.33333333333,917000
2025-02-24,95000.0,102800.0,94300.0,100900.0,93160.0,76640.0,76653.33333333333,91820.83333333333,1520715
2025-02-25,100200.0,100500.0,94400.0,94500.0,95720.0,77670.0,76681.66666666667,91923.33333333333,837909
2025-02-26,93400.0,98400.0,93400.0,95100.0,96140.0,78830.0,76678.33333333333,92047.5,879105
2025-02-27,95500.0,96100.0,91700.0,94300.0,96140.0,79990.0,76723.33333333333,92136.66666666667,577640
2025-02-28,91700.0,92400.0,86500.0,86800.0,94320.0,80780.0,76666.66666666667,92163.33333333333,2859340
2025-03-04,86000.0,86200.0,76500.0,77300.0,89600.0,81350.0,76436.66666666667,92111.66666666667,1204525
2025-03-05,77800.0,79500.0,76200.0,77300.0,86160.0,81855.0,76308.33333333333,92008.33333333333,710901
2025-03-06,78000.0,81500.0,74500.0,75100.0,82160.0,82135.0,76178.33333333333,91877.5,1100803
2025-03-07,73700.0,75800.0,73000.0,75000.0,78300.0,82485.0,76078.33333333333,91710.83333333333,713762
2025-03-10,75000.0,77800.0,73700.0,76100.0,76160.0,82935.0,76055.0,91578.33333333333,892943
2025-03-11,72800.0,74400.0,72400.0,74300.0,75560.0,83250.0,76038.33333333333,91455.83333333333,559456
2025-03-12,76000.0,76900.0,74100.0,74200.0,74940.0,83470.0,76008.33333333333,91302.5,537729
2025-03-13,75700.0,76400.0,72400.0,72500.0,74420.0,83515.0,76010.0,91150.0,647689
2025-03-14,72600.0,73300.0,69700.0,71600.0,73740.0,83385.0,75938.33333333333,90954.16666666667,557183
2025-03-17,71800.0,72600.0,70300.0,70700.0,72660.0,83205.0,75850.0,90775.83333333333,374077
2025-03-18,71000.0,73900.0,71000.0,71600.0,72120.0,82610.0,75750.0,90595.0,553436
2025-03-19,71900.0,73400.0,71600.0,71900.0,71660.0,82120.0,75605.0,90366.66666666667,432872
2025-03-20,73300.0,73400.0,71500.0,71900.0,71540.0,81065.0,75443.33333333333,90102.5,618665
2025-03-21,71500.0,71800.0,66900.0,68600.0,70940.0,79780.0,75316.66666666667,89805.83333333333,761514
2025-03-24,69000.0,69200.0,66900.0,67100.0,70220.0,78340.0,75156.66666666667,89487.5,297117
2025-03-25,68700.0,69300.0,66800.0,67200.0,69340.0,76655.0,75063.33333333333,89079.16666666667,362382
2025-03-26,67500.0,68400.0,65800.0,66900.0,68340.0,75275.0,75003.33333333333,88658.33333333333,425220
2025-03-27,69100.0,70200.0,67000.0,67000.0,67360.0,73870.0,74943.33333333333,88220.83333333333,446393
2025-03-28,67300.0,67500.0,63900.0,64100.0,66460.0,72360.0,74851.66666666667,87690.0,371378
2025-03-31,61800.0,62000.0,57200.0,57800.0,64600.0,70910.0,74700.0,87083.33333333333,751121
2025-04-01,58500.0,59100.0,55700.0,56400.0,62440.0,69865.0,74551.66666666667,86429.16666666667,601993
2025-04-02,56900.0,57000.0,53000.0,53800.0,59820.0,68690.0,74351.66666666667,85755.83333333333,521912
2025-04-03,51200.0,54500.0,51000.0,52600.0,56940.0,67565.0,74198.33333333333,85114.16666666667,544483
2025-04-04,51700.0,56300.0,51600.0,55100.0,55140.0,66570.0,74015.0,84512.5,838150
2025-04-07,52500.0,53800.0,50200.0,50500.0,53680.0,65290.0,73710.0,83875.83333333333,486010
2025-04-08,52200.0,52700.0,49950.0,50200.0,52440.0,64085.0,73393.33333333333,83273.33333333333,379858
2025-04-09,49300.0,50700.0,47450.0,47950.0,51270.0,62772.5,72967.5,82692.91666666667,503463
2025-04-10,52400.0,54900.0,50800.0,54600.0,51670.0,61877.5,72602.5,82166.25,859464
2025-04-11,53000.0,54600.0,51100.0,54600.0,51570.0,61027.5,72240.83333333333,81686.25,411734
2025-04-14,56100.0,57400.0,54600.0,55300.0,52530.0,60257.5,71890.83333333333,81188.75,404824
2025-04-15,55400.0,55500.0,53700.0,53800.0,53250.0,59367.5,71482.5,80688.75,333604
2025-04-16,54700.0,55500.0,50800.0,51100.0,53880.0,58327.5,71064.16666666667,80143.75,419883
2025-04-17,50700.0,51900.0,50500.0,51900.0,53340.0,57327.5,70625.83333333333,79609.58333333333,289299
2025-04-18,52300.0,52500.0,51100.0,51700.0,52760.0,56482.5,70207.5,79152.08333333333,221723
2025-04-21,51800.0,52650.0,51000.0,51500.0,52000.0,55702.5,69759.16666666667,78642.91666666667,167443
2025-04-22,50900.0,54200.0,50800.0,52300.0,51700.0,54957.5,69417.5,78154.58333333333,311413
2025-04-23,54000.0,56800.0,53500.0,56800.0,52840.0,54452.5,69132.5,77711.25,562113
2025-04-24,57800.0,57900.0,55000.0,55900.0,53640.0,53897.5,68865.83333333333,77196.25,409928
2025-04-25,56900.0,57300.0,55600.0,56000.0,54500.0,53492.5,68614.16666666667,76672.08333333333,440201
2025-04-28,56400.0,57800.0,55100.0,55100.0,55220.0,53357.5,68349.16666666667,76174.58333333333,357281
2025-04-29,55600.0,56100.0,53500.0,55400.0,55840.0,53307.5,68174.16666666667,75698.75,242213
2025-04-30,55700.0,56000.0,54100.0,55500.0,55580.0,53392.5,67979.16666666667,75227.08333333333,340431
2025-05-02,54700.0,55500.0,53100.0,54700.0,55340.0,53497.5,67732.5,74657.91666666667,243419
2025-05-07,55000.0,55500.0,52700.0,53200.0,54780.0,53402.5,67485.83333333333,74115.41666666667,301117
2025-05-08,54000.0,56000.0,53500.0,55000.0,54760.0,53627.5,67284.16666666667,73657.08333333333,541386
2025-05-09,54800.0,55000.0,51700.0,52000.0,54080.0,53717.5,67017.5,73173.75,413330
2025-05-12,52400.0,53200.0,51900.0,53100.0,53600.0,53975.0,66739.16666666667,72665.41666666667,236143
2025-05-13,53700.0,54200.0,50300.0,50600.0,52780.0,53775.0,66389.16666666667,72182.91666666667,476829
2025-05-14,50800.0,51100.0,48750.0,50200.0,52180.0,53555.0,65989.16666666667,71637.08333333333,417839
2025-05-15,49700.0,50400.0,48500.0,48500.0,50880.0,53215.0,65559.16666666667,71126.25,337015
2025-05-16,48500.0,48750.0,45650.0,45750.0,49630.0,52812.5,64930.0,70627.5,482432
2025-05-19,45400.0,46950.0,45100.0,45250.0,48060.0,52520.0,64322.5,70257.08333333333,449971
2025-05-20,45450.0,45700.0,42950.0,43300.0,46600.0,52090.0,63494.166666666664,69877.91666666667,544012
2025-05-21,43400.0,44700.0,43250.0,43550.0,45270.0,51682.5,62648.333333333336,69489.16666666667,495685
2025-05-22,43500.0,43950.0,42000.0,43250.0,44220.0,51270.0,61770.833333333336,69116.25,405498
2025-05-23,43700.0,43850.0,41100.0,41850.0,43440.0,50747.5,60786.666666666664,68720.0,408471
2025-05-26,41350.0,43400.0,41350.0,42950.0,42980.0,50055.0,59927.5,68304.58333333333,539070
2025-05-27,42400.0,42550.0,40600.0,41050.0,42530.0,49312.5,59026.666666666664,67852.5,531356
2025-05-28,41400.0,46550.0,40800.0,45550.0,42930.0,48790.0,58214.166666666664,67468.75,1323416
2025-05-29,45800.0,46500.0,44800.0,45500.0,43380.0,48310.0,57525.833333333336,67096.25,773009
2025-05-30,45100.0,46350.0,43500.0,45100.0,44030.0,47795.0,56989.166666666664,66712.91666666667,2445309
2025-06-02,45300.0,46800.0,43600.0,44050.0,44250.0,47222.5,56435.0,66371.66666666667,588161
2025-06-04,44650.0,46100.0,43800.0,44200.0,44880.0,46697.5,55920.0,66049.16666666667,590271
2025-06-05,44300.0,47100.0,43800.0,46400.0,45050.0,46357.5,55443.333333333336,65760.83333333333,695455
2025-06-09,45900.0,46350.0,43650.0,44100.0,44770.0,45812.5,54910.0,65482.5,568825
2025-06-10,44700.0,44850.0,43350.0,43850.0,44520.0,45405.0,54402.5,65220.416666666664,356043
2025-06-11,44200.0,45400.0,43900.0,44150.0,44540.0,44957.5,53901.666666666664,64955.0,501988
2025-06-12,44000.0,47200.0,43800.0,46150.0,44930.0,44735.0,53462.5,64736.25,1153778
2025-06-13,45650.0,45650.0,43000.0,43500.0,44350.0,44400.0,52994.166666666664,64466.25,694542
2025-06-16,43000.0,43300.0,41750.0,42300.0,43990.0,44090.0,52520.833333333336,64185.416666666664,386606
2025-06-17,42700.0,43550.0,41600.0,42200.0,43660.0,43912.5,52030.833333333336,63890.416666666664,392972
2025-06-18,42000.0,43850.0,41850.0,42100.0,43250.0,43755.0,51534.166666666664,63569.583333333336,517764
2025-06-19,42450.0,42450.0,41150.0,41500.0,42320.0,43665.0,51027.5,63235.416666666664,543286
2025-06-20,41650.0,45300.0,41250.0,44150.0,42450.0,43695.0,50620.0,62968.333333333336,1636626
2025-06-23,43150.0,43200.0,41950.0,42600.0,42510.0,43662.5,50211.666666666664,62684.166666666664,494193
2025-06-24,43900.0,49500.0,43900.0,49450.0,43960.0,44042.5,49915.833333333336,62489.583333333336,2450113
2025-06-25,48800.0,48800.0,47250.0,47900.0,45120.0,44290.0,49599.166666666664,62301.25,676805
2025-06-26,49650.0,49800.0,46850.0,48150.0,46450.0,44645.0,49285.0,62114.166666666664,831935
2025-06-27,47750.0,48100.0,45050.0,45100.0,46640.0,44622.5,48968.333333333336,61910.0,569871
2025-06-30,45550.0,47300.0,44850.0,45400.0,47200.0,44617.5,48761.666666666664,61730.833333333336,539406
2025-07-01,45300.0,49100.0,44900.0,47700.0,46850.0,44747.5,48616.666666666664,61584.166666666664,820671
2025-07-02,47300.0,48500.0,46600.0,48000.0,46870.0,44945.0,48520.0,61435.833333333336,509836
2025-07-03,48750.0,54900.0,48150.0,53800.0,48000.0,45425.0,48540.0,61369.166666666664,2090766
2025-07-04,52200.0,52500.0,50700.0,51200.0,49220.0,45665.0,48475.0,61245.0,730170
2025-07-07,51700.0,52100.0,48900.0,48950.0,49930.0,45907.5,48449.166666666664,61079.583333333336,611849
2025-07-08,48700.0,49800.0,47500.0,48150.0,50020.0,46122.5,48415.0,60904.166666666664,543684
2025-07-09,48850.0,49900.0,48000.0,48200.0,50060.0,46325.0,48419.166666666664,60693.333333333336,394379
2025-07-10,48750.0,50200.0,48500.0,49150.0,49130.0,46475.0,48328.333333333336,60465.416666666664,591793
2025-07-11,50200.0,53100.0,49950.0,51500.0,49190.0,46875.0,48276.666666666664,60258.75,1136554
2025-07-14,52200.0,52300.0,51200.0,51600.0,49720.0,47340.0,48215.0,60052.916666666664,431642
2025-07-15,51700.0,53000.0,51000.0,52300.0,50550.0,47845.0,48190.0,59836.25,403220
2025-07-16,52000.0,52300.0,50300.0,50600.0,51030.0,48270.0,48181.666666666664,59622.916666666664,332269
2025-07-17,51500.0,52100.0,50200.0,50700.0,51340.0,48730.0,48161.666666666664,59393.75,319615
2025-07-18,53000.0,54700.0,51900.0,52600.0,51560.0,49152.5,48176.666666666664,59192.083333333336,1354434
2025-07-21,52500.0,55100.0,51800.0,54300.0,52100.0,49737.5,48223.333333333336,58991.25,765149
2025-07-22,54500.0,54500.0,51800.0,52200.0,52080.0,49875.0,48221.666666666664,58819.583333333336,530792
2025-07-23,53300.0,53400.0,51100.0,52300.0,52420.0,50095.0,48146.666666666664,58639.583333333336,327239
2025-07-24,52300.0,53500.0,51700.0,52500.0,52780.0,50312.5,48090.0,58477.916666666664,504574
2025-07-25,52200.0,53800.0,51400.0,52300.0,52720.0,50672.5,48028.333333333336,58321.25,484740
2025-07-28,52600.0,53500.0,51600.0,52800.0,52420.0,51042.5,47990.0,58169.583333333336,375706
2025-07-29,52100.0,52200.0,50200.0,50300.0,52040.0,51172.5,47905.0,58039.583333333336,545703
2025-07-30,50400.0,52000.0,49850.0,51100.0,51800.0,51327.5,47831.666666666664,57905.416666666664,534212
2025-07-31,52900.0,53000.0,50100.0,51000.0,51500.0,51187.5,47770.0,57751.25,409342
2025-08-01,50400.0,51000.0,48200.0,48200.0,50680.0,51037.5,47686.666666666664,57586.25,475613
2025-08-04,48400.0,49400.0,48150.0,48700.0,49860.0,51025.0,47581.666666666664,57432.916666666664,261111
2025-08-05,49450.0,54900.0,49200.0,54500.0,50700.0,51342.5,47623.333333333336,57320.416666666664,1725322
2025-08-06,55400.0,56800.0,50500.0,52200.0,50920.0,51542.5,47608.333333333336,57173.75,2058598
2025-08-07,52600.0,52600.0,50800.0,51900.0,51100.0,51680.0,47630.0,57009.583333333336,398412
2025-08-08,51600.0,53000.0,51100.0,52200.0,51900.0,51715.0,47663.333333333336,56826.25,413964
2025-08-11,52800.0,54700.0,52400.0,54500.0,53060.0,51860.0,47763.333333333336,56661.25,681585
2025-08-12,53500.0,56500.0,53100.0,54000.0,52960.0,51945.0,47900.833333333336,56415.416666666664,950708
2025-08-13,55900.0,55900.0,54000.0,55100.0,53540.0,52170.0,48065.0,56193.75,497950
2025-08-14,55800.0,58800.0,55700.0,56500.0,54460.0,52460.0,48285.0,55889.583333333336,983180
2025-08-18,56400.0,56500.0,54000.0,54100.0,54840.0,52535.0,48460.833333333336,55554.583333333336,363072
2025-08-19,54600.0,54700.0,52600.0,53300.0,54600.0,52485.0,48628.333333333336,55199.583333333336,372667
2025-08-20,51900.0,53500.0,51700.0,52400.0,54280.0,52495.0,48804.166666666664,54795.416666666664,275691
2025-08-21,52700.0,52800.0,51700.0,51700.0,53600.0,52465.0,48950.0,54438.75,207865
2025-08-22,52000.0,52400.0,51000.0,51000.0,52500.0,52390.0,49115.833333333336,54071.25,194775
2025-08-25,52600.0,54000.0,52100.0,53900.0,52460.0,52470.0,49255.0,53734.583333333336,295492
2025-08-26,53900.0,55400.0,53700.0,54500.0,52700.0,52555.0,49405.0,53465.416666666664,344026
2025-08-27,55200.0,56500.0,54200.0,54600.0,53140.0,52770.0,49563.333333333336,53276.25,309085
2025-08-28,54900.0,55000.0,52000.0,52300.0,53260.0,52830.0,49700.833333333336,53067.916666666664,376212
2025-08-29,52900.0,52900.0,50300.0,50500.0,53160.0,52805.0,49805.833333333336,52862.916666666664,319206
2025-09-01,50700.0,51000.0,48900.0,49100.0,52200.0,52850.0,49850.833333333336,52647.083333333336,291802
2025-09-02,49700.0,49750.0,48500.0,49350.0,51170.0,52882.5,49938.333333333336,52424.166666666664,197703
2025-09-03,49450.0,49550.0,48800.0,49300.0,50110.0,52622.5,50029.166666666664,52215.833333333336,173697
2025-09-04,50700.0,50800.0,49500.0,49900.0,49630.0,52507.5,50125.0,52013.333333333336,186146
2025-09-05,50300.0,50400.0,49450.0,49800.0,49490.0,52402.5,50185.833333333336,51824.166666666664,124905
2025-09-08,49200.0,50100.0,49150.0,49400.0,49550.0,52262.5,50284.166666666664,51639.166666666664,173700
2025-09-09,49650.0,49750.0,49200.0,49450.0,49570.0,52010.0,50403.333333333336,51462.083333333336,155884
2025-09-10,49250.0,49250.0,48350.0,48750.0,49460.0,51747.5,50512.5,51271.666666666664,263315
2025-09-11,49000.0,49250.0,48300.0,49000.0,49280.0,51442.5,50627.5,51080.833333333336,415279
2025-09-12,49900.0,50600.0,49550.0,50300.0,49380.0,51132.5,50774.166666666664,50900.833333333336,362990
2025-09-15,51000.0,51500.0,50700.0,51100.0,49720.0,50982.5,50890.0,50755.0,290524
2025-09-16,51800.0,51800.0,50800.0,51000.0,50030.0,50867.5,51030.0,50620.833333333336,197043
2025-09-17,51100.0,52300.0,50400.0,51000.0,50480.0,50797.5,51055.833333333336,50485.833333333336,277272
2025-09-18,51100.0,52700.0,50400.0,51200.0,50920.0,50772.5,51110.833333333336,50355.0,297688
2025-09-22,51300.0,52300.0,50800.0,50900.0,51040.0,50767.5,51156.666666666664,50220.833333333336,191560
2025-09-23,51200.0,51900.0,50300.0,51600.0,51140.0,50652.5,51265.0,50116.666666666664,243610
2025-09-24,52200.0,52400.0,49750.0,50000.0,50940.0,50427.5,51341.666666666664,50051.666666666664,279670
2025-09-25,50100.0,51100.0,49450.0,50800.0,50900.0,50237.5,51393.333333333336,50005.0,272429
2025-09-26,50000.0,50000.0,48550.0,48600.0,50380.0,50052.5,51403.333333333336,49961.666666666664,249672
2025-09-29,48950.0,49000.0,48100.0,48350.0,49870.0,49945.0,51312.5,49926.25,150521
2025-09-30,48300.0,48650.0,47300.0,47300.0,49010.0,49855.0,51247.5,49861.25,183153
2025-10-01,47350.0,47800.0,46600.0,46800.0,48370.0,49727.5,51211.666666666664,49830.416666666664,172506
2025-10-02,47300.0,47950.0,47050.0,47900.0,47790.0,49657.5,51207.5,49811.25,250269
2025-10-10,47700.0,47700.0,45400.0,46200.0,47310.0,49472.5,51174.166666666664,49796.666666666664,267616
2025-10-13,45400.0,48450.0,45100.0,48450.0,47330.0,49405.0,51162.5,49745.416666666664,338033
2025-10-14,48200.0,50500.0,48050.0,49950.0,47860.0,49432.5,51136.666666666664,49706.666666666664,514068
2025-10-15,50300.0,50600.0,49150.0,50300.0,48560.0,49475.0,51115.0,49665.0,189962
2025-10-16,50400.0,63400.0,50200.0,63400.0,51660.0,50207.5,51300.0,49745.0,2672385
2025-10-17,63300.0,69200.0,60900.0,65800.0,55580.0,51047.5,51553.333333333336,49867.5,4760702
2025-10-20,64500.0,66200.0,61800.0,66000.0,59090.0,51832.5,51808.333333333336,49985.0,1257448
2025-10-21,65100.0,67700.0,63700.0,64700.0,62040.0,52512.5,52010.0,50093.333333333336,1359847
2025-10-22,66200.0,70800.0,65200.0,69500.0,65880.0,53437.5,52263.333333333336,50243.333333333336,1834731
2025-10-23,68500.0,68700.0,65400.0,65400.0,66280.0,54157.5,52483.333333333336,50352.5,783987
2025-10-24,66500.0,68400.0,66100.0,67800.0,66680.0,54987.5,52741.666666666664,50444.166666666664,2053287
2025-10-27,71000.0,71000.0,65700.0,66200.0,66720.0,55752.5,52970.0,50530.0,1264222
2025-10-28,66200.0,67800.0,64300.0,67400.0,67260.0,56542.5,53221.666666666664,50625.0,661948
2025-10-29,66700.0,67700.0,65500.0,66500.0,66660.0,57367.5,53450.0,50720.0,406617
2025-10-30,67800.0,69800.0,62100.0,64300.0,66440.0,58042.5,53683.333333333336,50794.166666666664,930856
2025-10-31,62700.0,64900.0,62400.0,63000.0,65480.0,58762.5,53881.666666666664,50856.666666666664,422381
2025-11-03,64200.0,66800.0,62900.0,66400.0,65520.0,59665.0,54138.333333333336,50954.166666666664,474289
2025-11-04,68500.0,69700.0,65200.0,65900.0,65220.0,60595.0,54433.333333333336,51060.0,564399
2025-11-05,64500.0,65500.0,60000.0,62000.0,64320.0,61355.0,54655.0,51118.333333333336,593794
2025-11-06,63700.0,65600.0,61900.0,64200.0,64300.0,62170.0,54816.666666666664,51220.0,546677
2025-11-07,62500.0,64000.0,59600.0,60500.0,63800.0,62885.0,54955.0,51281.666666666664,434990
2025-11-10,60600.0,61550.0,59100.0,61300.0,62780.0,63527.5,55111.666666666664,51370.833333333336,240117
2025-11-11,62400.0,65500.0,61100.0,62000.0,62000.0,64130.0,55275.0,51469.166666666664,521649
2025-11-12,62600.0,63100.0,61300.0,62600.0,62120.0,64745.0,55410.0,51586.666666666664,222613
2025-11-13,63500.0,66700.0,62400.0,66700.0,62620.0,64910.0,55621.666666666664,51761.25,636568
2025-11-14,64400.0,65200.0,62500.0,62900.0,63100.0,64765.0,55751.666666666664,51908.333333333336,311547
2025-11-17,64000.0,64100.0,61600.0,61800.0,63200.0,64555.0,55840.0,52062.5,224787
2025-11-18,62400.0,62600.0,58300.0,58300.0,62460.0,64235.0,55910.0,52185.416666666664,272547
2025-11-19,58900.0,59100.0,57000.0,57800.0,61500.0,63650.0,55985.0,52306.666666666664,196828
2025-11-20,58900.0,60500.0,58300.0,59300.0,60020.0,63345.0,56100.0,52452.083333333336,249798
2025-11-21,56900.0,57300.0,55400.0,55800.0,58600.0,62745.0,56168.333333333336,52559.166666666664,257306
2025-11-24,56300.0,56400.0,53300.0,53600.0,56960.0,62115.0,56211.666666666664,52663.75,207882
2025-11-25,54800.0,55400.0,52700.0,53100.0,55920.0,61400.0,56198.333333333336,52726.666666666664,138261
2025-11-26,54000.0,57200.0,53900.0,56700.0,55700.0,60910.0,56235.0,52820.0,255456
2025-11-27,57900.0,59800.0,57000.0,57500.0,55340.0,60570.0,56283.333333333336,52923.333333333336,325366
2025-11-28,58700.0,59400.0,57400.0,58000.0,55780.0,60320.0,56378.333333333336,53039.583333333336,233068
2025-12-01,59300.0,61600.0,59100.0,60200.0,57100.0,60010.0,56540.0,53172.916666666664,360179
2025-12-02,59800.0,60700.0,59100.0,60200.0,58520.0,59725.0,56725.0,53287.916666666664,161011
2025-12-03,60500.0,60800.0,59500.0,60000.0,59180.0,59625.0,56902.5,53420.416666666664,127668
2025-12-04,60200.0,61000.0,58500.0,59000.0,59480.0,59365.0,57064.166666666664,53546.666666666664,171716
2025-12-05,58600.0,61200.0,58600.0,60000.0,59880.0,59340.0,57232.5,53678.75,287430
2025-12-08,60500.0,64700.0,60400.0,63100.0,60460.0,59430.0,57454.166666666664,53820.0,838196
2025-12-09,62200.0,66000.0,61700.0,65300.0,61480.0,59595.0,57719.166666666664,54001.666666666664,770652
2025-12-10,67300.0,67700.0,63800.0,64100.0,62300.0,59670.0,57963.333333333336,54183.333333333336,485132
2025-12-11,64800.0,64900.0,61600.0,61800.0,62860.0,59425.0,58180.833333333336,54346.666666666664,343753
2025-12-12,62900.0,63600.0,61400.0,62300.0,63320.0,59395.0,58402.5,54515.0,205183
2025-12-15,60400.0,63800.0,60200.0,63100.0,63320.0,59460.0,58615.833333333336,54695.0,304387
2025-12-16,63400.0,63400.0,59800.0,59900.0,62240.0,59540.0,58762.5,54826.25,322187
2025-12-17,60600.0,61700.0,59600.0,59800.0,61380.0,59640.0,58909.166666666664,54969.583333333336,231133
2025-12-18,57500.0,57900.0,56000.0,56000.0,60220.0,59475.0,58992.5,55024.166666666664,266284
2025-12-19,57000.0,57000.0,53700.0,55000.0,58760.0,59435.0,59055.833333333336,55083.333333333336,321108
2025-12-22,56100.0,57400.0,55100.0,57100.0,57560.0,59610.0,59159.166666666664,55157.916666666664,170147
2025-12-23,57500.0,57800.0,56600.0,56800.0,56940.0,59795.0,59245.833333333336,55255.416666666664,130945
2025-12-24,57700.0,58400.0,56600.0,56800.0,56340.0,59800.0,59359.166666666664,55350.416666666664,144177
2025-12-26,56900.0,57600.0,55500.0,55500.0,56240.0,59700.0,59437.5,55415.416666666664,149728
2025-12-29,54300.0,56300.0,54200.0,55200.0,56280.0,59560.0,59547.5,55475.416666666664,139644
2025-12-30,54700.0,54700.0,51300.0,52100.0,55280.0,59155.0,59610.0,55461.25,321368
2026-01-02,52000.0,52000.0,50100.0,50300.0,53980.0,58660.0,59660.0,55453.75,264182
2026-01-05,50400.0,54300.0,50400.0,54100.0,53440.0,58365.0,59781.666666666664,55496.666666666664,392806
2026-01-06,55800.0,55900.0,54200.0,54500.0,53240.0,58140.0,59891.666666666664,55549.583333333336,232366
2026-01-07,54800.0,56000.0,52800.0,53200.0,52840.0,57800.0,60008.333333333336,55591.25,215108
2026-01-08,53100.0,54400.0,51500.0,52300.0,52880.0,57260.0,60072.5,55617.5,237847
2026-01-09,52300.0,52600.0,51000.0,51500.0,53120.0,56570.0,60098.333333333336,55617.5,188861
2026-01-12,51200.0,53600.0,51200.0,52900.0,52880.0,56010.0,60141.666666666664,55628.333333333336,283012
2026-01-13,53900.0,55800.0,53000.0,55500.0,53080.0,55695.0,60010.0,55655.0,297316
2026-01-14,55500.0,56200.0,53800.0,54000.0,53240.0,55280.0,59813.333333333336,55683.333333333336,207835
2026-01-15,54700.0,56300.0,53700.0,55900.0,53960.0,54920.0,59645.0,55726.666666666664,244384
2026-01-16,55700.0,56500.0,54300.0,54300.0,54520.0,54640.0,59471.666666666664,55740.833333333336,186486
2026-01-19,54300.0,57000.0,54000.0,56700.0,55280.0,54485.0,59258.333333333336,55760.833333333336,298221
2026-01-20,57700.0,63800.0,56900.0,61500.0,56480.0,54760.0,59193.333333333336,55838.333333333336,1299842
2026-01-21,60100.0,60900.0,57700.0,59400.0,57560.0,54980.0,59053.333333333336,55897.5,426542
2026-01-22,60100.0,63200.0,59500.0,62600.0,58900.0,55255.0,58993.333333333336,55981.666666666664,912512
2026-01-23,64100.0,64200.0,60200.0,61700.0,60380.0,55500.0,58898.333333333336,56060.0,521607
2026-01-26,62300.0,67000.0,62200.0,65600.0,62160.0,55940.0,58883.333333333336,56166.666666666664,1540776
2026-01-27,63500.0,66200.0,62400.0,64700.0,62800.0,56400.0,58890.0,56286.666666666664,815935
2026-01-28,65000.0,77100.0,64900.0,74600.0,65840.0,57370.0,59083.333333333336,56482.5,5890650
2026-01-29,77500.0,78900.0,70100.0,73300.0,67980.0,58430.0,59198.333333333336,56668.333333333336,2110924
2026-01-30,72200.0,73600.0,67400.0,67500.0,69140.0,59290.0,59225.0,56829.166666666664,1223879
2026-02-02,67600.0,69250.0,63500.0,64300.0,68880.0,59800.0,59263.333333333336,56959.166666666664,785273
2026-02-03,66100.0,67100.0,64100.0,66900.0,69320.0,60420.0,59308.333333333336,57062.5,442476
2026-02-04,66100.0,72100.0,66100.0,71100.0,68620.0,61315.0,59485.0,57220.0,1370491
2026-02-05,70100.0,70800.0,66100.0,66200.0,67200.0,62010.0,59566.666666666664,57339.166666666664,658873
2026-02-06,62800.0,63700.0,60900.0,63000.0,66300.0,62585.0,59583.333333333336,57429.166666666664,533529
2026-02-09,65700.0,67200.0,64400.0,66700.0,66780.0,63275.0,59651.666666666664,57530.833333333336,427841
2026-02-10,66900.0,67600.0,64400.0,64500.0,66300.0,63725.0,59615.0,57618.333333333336,350428
2026-02-11,65600.0,65700.0,63600.0,63600.0,64800.0,64205.0,59626.666666666664,57689.166666666664,264347
2026-02-12,64400.0,71900.0,63700.0,69900.0,65540.0,64905.0,59761.666666666664,57800.833333333336,2598556
2026-02-13,67700.0,68900.0,65000.0,65800.0,66100.0,65480.0,59886.666666666664,57898.333333333336,1215190
2026-02-19,66300.0,69900.0,65200.0,68600.0,66480.0,66075.0,60066.666666666664,58025.833333333336,1100153
2026-02-20,68600.0,68900.0,66500.0,67000.0,66980.0,66350.0,60195.0,58147.5,705383
2026-02-23,68900.0,70200.0,65200.0,65500.0,67360.0,66655.0,60356.666666666664,58262.5,875767
2026-02-24,66500.0,68700.0,66200.0,67200.0,66820.0,66885.0,60583.333333333336,58397.5,861115
2026-02-25,68300.0,71500.0,67500.0,69900.0,67640.0,67295.0,60863.333333333336,58530.833333333336,1888092
2026-02-26,71000.0,72700.0,69500.0,70200.0,67960.0,67525.0,61088.333333333336,58661.666666666664,2158568
2026-02-27,69400.0,72700.0,68600.0,71900.0,68940.0,67885.0,61328.333333333336,58805.833333333336,1726680
2026-03-03,70700.0,75100.0,67800.0,67800.0,69400.0,67545.0,61491.666666666664,58935.0,3685806
2026-03-04,64900.0,67700.0,55100.0,55300.0,67020.0,66645.0,61410.0,58975.0,1955268
2026-03-05,62000.0,65600.0,61700.0,63200.0,65680.0,66430.0,61460.0,59092.5,1255128
2026-03-06,62300.0,71800.0,62100.0,70800.0,65800.0,66755.0,61640.0,59271.25,2488093
2026-03-09,66800.0,69500.0,63300.0,65700.0,64560.0,66695.0,61751.666666666664,59407.916666666664,1371960
2026-03-10,69600.0,69700.0,65300.0,66800.0,64360.0,66480.0,61865.0,59548.75,1023663
2026-03-11,67800.0,72400.0,67000.0,68900.0,67080.0,66615.0,61961.666666666664,59707.916666666664,2016909
2026-03-12,68400.0,70700.0,66900.0,68300.0,68100.0,66880.0,62011.666666666664,59865.416666666664,867266
2026-03-13,66000.0,66100.0,63200.0,63500.0,66640.0,66720.0,62001.666666666664,59982.5,1305914
2026-03-16,63500.0,65200.0,61100.0,61900.0,65880.0,66590.0,62003.333333333336,60092.083333333336,714774
2026-03-17,63400.0,64200.0,61900.0,61900.0,64900.0,66505.0,61996.666666666664,60199.583333333336,572245
2026-03-18,63300.0,63600.0,62200.0,62800.0,63680.0,66150.0,61991.666666666664,60303.75,510186
2026-03-19,61100.0,62100.0,60300.0,60700.0,62160.0,65895.0,62005.0,60383.75,534654
2026-03-20,61100.0,62500.0,61100.0,62500.0,61960.0,65590.0,62050.0,60479.583333333336,445800
2026-03-23,60400.0,63600.0,60000.0,61000.0,61780.0,65290.0,62133.333333333336,60562.916666666664,825747
2026-03-24,63600.0,69000.0,63100.0,68000.0,63000.0,65415.0,62350.0,60702.916666666664,2115560
2026-03-25,68400.0,72000.0,68300.0,70400.0,64520.0,65575.0,62571.666666666664,60865.416666666664,1674076
2026-03-26,69600.0,73900.0,68900.0,69900.0,66360.0,65575.0,62790.0,61017.916666666664,1922970
2026-03-27,68700.0,74500.0,66500.0,73400.0,68540.0,65735.0,63066.666666666664,61212.916666666664,1977175
2026-03-30,71300.0,73900.0,70100.0,72100.0,70760.0,65745.0,63343.333333333336,61390.416666666664,1395683
2026-03-31,72800.0,72800.0,67000.0,67000.0,70560.0,65705.0,63540.0,61543.75,1193507
2026-04-01,70400.0,73600.0,69900.0,72600.0,71000.0,66570.0,63881.666666666664,61745.833333333336,1229195
2026-04-02,72800.0,77900.0,69700.0,70700.0,71160.0,66945.0,64221.666666666664,61940.833333333336,4283542
2026-04-03,72400.0,73000.0,67000.0,68500.0,70180.0,66830.0,64461.666666666664,62121.666666666664,1437667
2026-04-06,69100.0,72000.0,68500.0,68900.0,69540.0,66990.0,64701.666666666664,62296.666666666664,974144
2026-04-07,69100.0,78800.0,68900.0,73100.0,70760.0,67305.0,65033.333333333336,62520.833333333336,7126465
2026-04-08,76200.0,76700.0,73500.0,76600.0,71560.0,67690.0,65438.333333333336,62755.416666666664,2305499
2026-04-09,76500.0,77100.0,74100.0,74400.0,72300.0,67995.0,65820.0,62959.166666666664,1179441
2026-04-10,75500.0,76300.0,73500.0,73600.0,73320.0,68500.0,66165.0,63153.333333333336,855560
2026-04-13,73200.0,73600.0,70800.0,71000.0,73740.0,68955.0,66423.33333333333,63216.666666666664,781588
2026-04-14,72600.0,72600.0,70200.0,70400.0,73200.0,69380.0,66696.66666666667,63255.0,817841
2026-04-15,71400.0,72100.0,70200.0,70900.0,72060.0,69785.0,66946.66666666667,63295.833333333336,946132
2026-04-16,71800.0,72400.0,71100.0,71700.0,71520.0,70335.0,67236.66666666667,63354.166666666664,690899
2026-04-17,72100.0,76000.0,70800.0,73700.0,71540.0,70895.0,67520.0,63389.166666666664,1713572
2026-04-20,74100.0,80000.0,72700.0,77100.0,72760.0,71700.0,67780.0,63486.666666666664,3796536
2026-04-21,78700.0,84400.0,76600.0,83200.0,75320.0,72460.0,68176.66666666667,63615.0,4563640
2026-04-22,83500.0,83600.0,79300.0,82800.0,77700.0,73080.0,68513.33333333333,63753.333333333336,1766957
2026-04-23,82800.0,83400.0,76000.0,77900.0,78940.0,73480.0,68783.33333333333,63840.833333333336,1794926
2026-04-24,78600.0,84100.0,78100.0,82900.0,80780.0,73955.0,69071.66666666667,63977.5,2096049
2026-04-27,84100.0,88800.0,82900.0,86400.0,82640.0,74670.0,69433.33333333333,64161.666666666664,2651725
2026-04-28,86600.0,88200.0,83600.0,85600.0,83120.0,75600.0,69616.66666666667,64350.0,1588531
2026-04-29,85300.0,87300.0,82000.0,83700.0,83300.0,76155.0,69790.0,64494.166666666664,1588917
2026-04-30,83800.0,84100.0,79700.0,80300.0,83780.0,76635.0,70003.33333333333,64614.166666666664,1150338
2026-05-04,82400.0,86400.0,82000.0,84800.0,84160.0,77450.0,70345.0,64804.166666666664,1715203
2026-05-06,85200.0,85300.0,81700.0,83200.0,83520.0,78165.0,70616.66666666667,64962.5,1578052
2026-05-07,82600.0,83300.0,79200.0,80100.0,82420.0,78515.0,70766.66666666667,65125.833333333336,1267211
2026-05-08,79700.0,83100.0,77600.0,80100.0,81700.0,78690.0,70998.33333333333,65282.5,1198016
2026-05-11,80100.0,80100.0,74900.0,75000.0,80640.0,78720.0,71198.33333333333,65390.833333333336,1334179
2026-05-12,75200.0,76400.0,69800.0,71700.0,78020.0,78625.0,71281.66666666667,65466.666666666664,1321891
2026-05-13,70700.0,71600.0,67500.0,67800.0,74940.0,78465.0,71336.66666666667,65475.833333333336,868418
2026-05-14,70200.0,70500.0,66000.0,69000.0,72720.0,78395.0,71426.66666666667,65526.666666666664,946051
2026-05-15,68300.0,70750.0,63500.0,64500.0,69600.0,78075.0,71336.66666666667,65549.16666666667,1019154
2026-05-18,64100.0,66300.0,61200.0,63600.0,67320.0,77670.0,71300.0,65593.33333333333,585494
2026-05-19,63600.0,64500.0,60200.0,61200.0,65220.0,77045.0,71176.66666666667,65621.66666666667,588966
2026-05-20,61200.0,61600.0,58100.0,59200.0,63500.0,76150.0,71046.66666666667,65620.83333333333,615899
2026-05-21,60800.0,65000.0,60800.0,64600.0,62620.0,75220.0,71031.66666666667,65694.16666666667,491873
2026-05-22,66000.0,70200.0,65000.0,68500.0,63420.0,74505.0,71053.33333333333,65818.33333333333,802317
2026-05-26,70700.0,71400.0,67400.0,67500.0,64200.0,73985.0,71013.33333333333,65938.33333333333,608345
2026-05-27,67000.0,69000.0,64000.0,64100.0,64780.0,73045.0,70911.66666666667,66000.0,642475
2026-05-28,66200.0,66400.0,61500.0,64500.0,65840.0,71950.0,70788.33333333333,66058.33333333333,620751
2026-05-29,64600.0,64800.0,61500.0,62200.0,65360.0,70780.0,70695.0,66093.33333333333,507743
2026-06-01,61300.0,63300.0,59800.0,60100.0,63680.0,69600.0,70775.0,66092.5,658380
2026-06-02,59500.0,61500.0,57000.0,57700.0,61720.0,68470.0,70683.33333333333,66071.66666666667,798344
2026-06-04,57800.0,60700.0,57500.0,58900.0,60680.0,67175.0,70485.0,66062.5,419215
2026-06-05,59400.0,59600.0,53900.0,55100.0,58800.0,65770.0,70308.33333333333,66030.0,494674
2026-06-08,49750.0,53000.0,49450.0,49850.0,56330.0,64257.5,70025.83333333333,65945.41666666667,611186
2026-06-09,50000.0,54500.0,50000.0,53400.0,54990.0,62922.5,69767.5,65864.58333333333,473863
2026-06-10,52900.0,54800.0,51000.0,52800.0,54010.0,61812.5,69509.16666666667,65760.41666666667,297
2026-06-11,52000.0,53100.0,49850.0,52700.0,52770.0,60862.5,69329.16666666667,65665.41666666667,769349
2026-06-12,55500.0,57200.0,54700.0,56000.0,52950.0,60272.5,69230.83333333333,65617.08333333333,438412
2026-06-15,58000.0,59000.0,57000.0,58500.0,54680.0,59747.5,69174.16666666667,65585.41666666667,377239
2026-06-16,58500.0,59500.0,57400.0,58800.0,55760.0,59462.5,69107.5,65549.58333333333,274531
2026-06-17,58800.0,59000.0,56700.0,56700.0,56540.0,59117.5,69040.83333333333,65522.916666666664,262701
2026-06-18,56200.0,56500.0,53600.0,54300.0,56860.0,58772.5,68904.16666666667,65477.083333333336,315343
2026-06-19,53700.0,55000.0,51500.0,53100.0,56280.0,58467.5,68772.5,65452.916666666664,580981
2026-06-22,53100.0,53700.0,51100.0,51800.0,54940.0,57827.5,68502.5,65426.25,249668
2026-06-23,51000.0,52800.0,46600.0,46850.0,52550.0,56745.0,68110.0,65340.833333333336,467447
2026-06-24,45900.0,48200.0,45700.0,47300.0,50670.0,55735.0,67733.33333333333,65261.666666666664,434323
2026-06-25,47300.0,48700.0,45375.0,45550.0,48920.0,54807.5,67269.16666666667,65167.916666666664,349887
2026-06-26,45100.0,45950.0,40600.0,42400.0,46780.0,53702.5,66774.16666666667,65058.75,576036
2026-06-29,42450.0,49250.0,42450.0,49100.0,46240.0,53047.5,66475.83333333333,65007.916666666664,591901
2026-06-30,48950.0,49000.0,44750.0,44800.0,45830.0,52282.5,66012.5,64947.083333333336,502742
2026-07-01,42950.0,44400.0,41050.0,41900.0,44750.0,51492.5,65532.5,64877.083333333336,781800
2026-07-02,41200.0,41700.0,39100.0,40350.0,43710.0,50565.0,65063.333333333336,64762.5,509730
2026-07-03,40100.0,40300.0,37050.0,40050.0,43240.0,49812.5,64582.5,64642.083333333336,454224
2026-07-06,40050.0,40800.0,38700.0,40200.0,41460.0,49330.0,64034.166666666664,64533.75,278884
2026-07-07,40150.0,40750.0,37900.0,39050.0,40310.0,48612.5,63408.333333333336,64423.333333333336,335127
2026-07-08,38750.0,38750.0,35300.0,35850.0,39100.0,47765.0,62765.833333333336,64292.916666666664,544515
2026-07-09,35900.0,37100.0,34400.0,35500.0,38130.0,46905.0,62130.833333333336,64147.916666666664,637783
2026-07-10,35800.0,38750.0,35800.0,38100.0,37740.0,46010.0,61582.5,64002.916666666664,377884
2026-07-13,38200.0,40850.0,36850.0,37150.0,37130.0,44942.5,61028.333333333336,63862.5,543559
2026-07-14,37500.0,38400.0,34150.0,35100.0,36340.0,43757.5,60431.666666666664,63689.166666666664,387296
2026-07-15,36050.0,38350.0,36050.0,37600.0,36690.0,42802.5,59863.333333333336,63550.0,313794
2026-07-16,37250.0,38350.0,35500.0,36500.0,36890.0,41912.5,59243.333333333336,63381.666666666664,243766
